2026-09-22 13:25:08  INFO      Job Scraper Deployment Runner started (PID 15588, mode=every 24.0h)
2026-09-22 13:25:08  INFO      Log file: /Users/tejaszodape/Desktop/Hitandi tech/Job_scarpper_V2/scraper.log
2026-09-22 13:25:08  INFO      Lock file: /Users/tejaszodape/Desktop/Hitandi tech/Job_scarpper_V2/.scraper.lock
2026-09-22 13:25:10  INFO      Loaded scrapers: ['check_db', 'all_scrape', 'workday']
2026-09-22 13:25:10  INFO      =================================================================
2026-09-22 13:25:10  INFO        PIPELINE START — Cycle #1  [2026-09-22T13:25:10.592719]
2026-09-22 13:25:10  INFO      =================================================================
2026-09-22 13:25:10  INFO      [Cycle 1] ── all_scrape.py starting ──
2026-09-22 14:32:48  WARNING   Signal SIGINT received — finishing current scraper then shutting down.
2026-09-22 14:32:48  WARNING   Signal SIGINT received — finishing current scraper then shutting down.
2026-09-22 14:32:49  WARNING   Signal SIGINT received — finishing current scraper then shutting down.
2026-09-22 14:32:49  WARNING   Signal SIGINT received — finishing current scraper then shutting down.
2026-09-22 14:32:49  WARNING   Signal SIGINT received — finishing current scraper then shutting down.
2026-09-22 23:27:07  INFO      Job Scraper Deployment Runner started (PID 59059, mode=every 24.0h)
2026-09-22 23:27:07  INFO      Log file: /Users/tejaszodape/Desktop/Hitandi tech/Job_scarpper_V2/scraper.log
2026-09-22 23:27:07  INFO      Lock file: /Users/tejaszodape/Desktop/Hitandi tech/Job_scarpper_V2/.scraper.lock
2026-09-22 23:27:09  INFO      Loaded scrapers: ['check_db', 'all_scrape', 'workday']
2026-09-22 23:27:09  INFO      =================================================================
2026-09-22 23:27:09  INFO        PIPELINE START — Cycle #1  [2026-09-22T23:27:09.294952]
2026-09-22 23:27:09  INFO      =================================================================
2026-09-22 23:27:09  INFO      [Cycle 1] ── all_scrape.py (US + UK) starting ──
2026-09-22 23:35:13  INFO      [Cycle 1] ── all_scrape.py (US + UK) finished in 484s ──
2026-09-22 23:35:13  INFO      [Cycle 1] ── workday_scraper.py (US + UK) starting ──
2026-09-22 23:35:13  ERROR     [Cycle 1] workday_scraper.py (US + UK) CRASHED after 0s:
Traceback (most recent call last):
  File "/Users/tejaszodape/Desktop/Hitandi tech/Job_scarpper_V2/run_scrapers.py", line 194, in _run_step
    fn()
    ~~^^
  File "/Users/tejaszodape/Desktop/Hitandi tech/Job_scarpper_V2/workday_scraper.py", line 1255, in scrape_all_workday
    companies = load_companies()
  File "/Users/tejaszodape/Desktop/Hitandi tech/Job_scarpper_V2/workday_scraper.py", line 84, in load_companies
    df = pd.read_excel(_WORKDAY_XLSX)
  File "/Users/tejaszodape/Desktop/Hitandi tech/Job_scarpper_V2/venv/lib/python3.14/site-packages/pandas/io/excel/_base.py", line 481, in read_excel
    io = ExcelFile(
        io,
    ...<2 lines>...
        engine_kwargs=engine_kwargs,
    )
  File "/Users/tejaszodape/Desktop/Hitandi tech/Job_scarpper_V2/venv/lib/python3.14/site-packages/pandas/io/excel/_base.py", line 1604, in __init__
    ext = inspect_excel_format(
        content_or_path=path_or_buffer, storage_options=storage_options
    )
  File "/Users/tejaszodape/Desktop/Hitandi tech/Job_scarpper_V2/venv/lib/python3.14/site-packages/pandas/io/excel/_base.py", line 1452, in inspect_excel_format
    with get_handle(
         ~~~~~~~~~~^
        content_or_path, "rb", storage_options=storage_options, is_text=False
        ^^^^^^^^^^^^^^^^^^^^^^^^^^^^^^^^^^^^^^^^^^^^^^^^^^^^^^^^^^^^^^^^^^^^^
    ) as handle:
    ^
  File "/Users/tejaszodape/Desktop/Hitandi tech/Job_scarpper_V2/venv/lib/python3.14/site-packages/pandas/io/common.py", line 939, in get_handle
    handle = open(handle, ioargs.mode)
FileNotFoundError: [Errno 2] No such file or directory: '/Users/tejaszodape/Desktop/Hitandi tech/Job_scarpper_V2/Workday.xlsx'

2026-09-22 23:35:13  INFO      =================================================================
2026-09-22 23:35:13  INFO        PIPELINE COMPLETE — Cycle #1  [2026-09-22T23:35:13.917281]
2026-09-22 23:35:13  INFO      =================================================================
2026-09-22 23:35:13  INFO      Next pipeline run at: 2026-09-23 23:27:09 (sleeping 23.87h)
2026-09-22 23:43:54  INFO      Job Scraper Deployment Runner started (PID 61206, mode=every 0.0h)
2026-09-22 23:43:54  INFO      Log file: /Users/tejaszodape/Desktop/Hitandi tech/Job_scarpper_V2/scraper.log
2026-09-22 23:43:54  INFO      Lock file: /Users/tejaszodape/Desktop/Hitandi tech/Job_scarpper_V2/.scraper.lock
2026-09-22 23:43:56  INFO      Loaded scrapers: ['check_db', 'all_scrape', 'workday']
2026-09-22 23:43:56  INFO      =================================================================
2026-09-22 23:43:56  INFO        PIPELINE START — Cycle #1  [2026-09-22T23:43:56.023112]
2026-09-22 23:43:56  INFO      =================================================================
2026-09-22 23:43:56  INFO      [Cycle 1] ── all_scrape.py (US + UK) starting ──
2026-09-22 23:46:29  WARNING   Signal SIGINT received — finishing current scraper then shutting down.
2026-09-22 23:46:29  WARNING   Signal SIGINT received — finishing current scraper then shutting down.
2026-09-22 23:46:29  WARNING   Signal SIGINT received — finishing current scraper then shutting down.
2026-09-22 23:46:29  INFO      Shutting down — releasing lock file.
2026-09-22 23:46:29  INFO      Goodbye.
2026-09-22 23:50:43  INFO      Job Scraper Deployment Runner started (PID 62541, mode=every 0.0h)
2026-09-22 23:50:43  INFO      Log file: /Users/tejaszodape/Desktop/Hitandi tech/Job_scarpper_V2/scraper.log
2026-09-22 23:50:43  INFO      Lock file: /Users/tejaszodape/Desktop/Hitandi tech/Job_scarpper_V2/.scraper.lock
2026-09-22 23:50:45  INFO      Loaded scrapers: ['check_db', 'all_scrape', 'workday']
2026-09-22 23:50:45  INFO      =================================================================
2026-09-22 23:50:45  INFO        PIPELINE START — Cycle #1  [2026-09-22T23:50:45.232656]
2026-09-22 23:50:45  INFO      =================================================================
2026-09-22 23:50:45  INFO      [Cycle 1] ── all_scrape.py (US + UK) starting ──
2026-09-22 23:51:48  INFO      Job Scraper Deployment Runner started (PID 62788, mode=every 0.0h)
2026-09-22 23:51:48  INFO      Log file: /Users/tejaszodape/Desktop/Hitandi tech/Job_scarpper_V2/scraper.log
2026-09-22 23:51:48  INFO      Lock file: /Users/tejaszodape/Desktop/Hitandi tech/Job_scarpper_V2/.scraper.lock
2026-09-22 23:51:49  INFO      Loaded scrapers: ['check_db', 'all_scrape', 'workday']
2026-09-22 23:51:49  INFO      =================================================================
2026-09-22 23:51:49  INFO        PIPELINE START — Cycle #1  [2026-09-22T23:51:49.648605]
2026-09-22 23:51:49  INFO      =================================================================
2026-09-22 23:51:49  INFO      [Cycle 1] ── all_scrape.py (US + UK) starting ──
2026-09-22 23:58:38  INFO      [Cycle 1] ── all_scrape.py (US + UK) finished in 409s ──
2026-09-22 23:58:38  INFO      [Cycle 1] ── workday_scraper.py (US + UK) starting ──
2026-09-23 00:01:22  WARNING   Signal SIGINT received — finishing current scraper then shutting down.
2026-09-23 00:01:22  WARNING   Signal SIGINT received — finishing current scraper then shutting down.
2026-09-23 00:01:22  WARNING   Signal SIGINT received — finishing current scraper then shutting down.
2026-09-23 00:01:23  WARNING   Signal SIGINT received — finishing current scraper then shutting down.
2026-09-23 00:01:23  WARNING   Signal SIGINT received — finishing current scraper then shutting down.
2026-09-23 00:01:23  WARNING   Signal SIGINT received — finishing current scraper then shutting down.
2026-09-23 00:01:23  WARNING   Signal SIGINT received — finishing current scraper then shutting down.
2026-09-23 00:01:23  WARNING   Signal SIGINT received — finishing current scraper then shutting down.
2026-09-23 00:01:23  WARNING   Signal SIGINT received — finishing current scraper then shutting down.
2026-09-23 00:01:24  WARNING   Signal SIGINT received — finishing current scraper then shutting down.
2026-09-23 00:01:24  WARNING   Signal SIGINT received — finishing current scraper then shutting down.
2026-09-23 00:01:24  WARNING   Signal SIGINT received — finishing current scraper then shutting down.
2026-09-23 00:01:24  WARNING   Signal SIGINT received — finishing current scraper then shutting down.
2026-09-23 00:01:24  WARNING   Signal SIGINT received — finishing current scraper then shutting down.
2026-09-23 00:01:24  WARNING   Signal SIGINT received — finishing current scraper then shutting down.
2026-09-23 00:01:24  WARNING   Signal SIGINT received — finishing current scraper then shutting down.
2026-09-23 00:01:24  WARNING   Signal SIGINT received — finishing current scraper then shutting down.
2026-09-23 00:01:24  WARNING   Signal SIGINT received — finishing current scraper then shutting down.
2026-09-23 00:01:25  WARNING   Signal SIGINT received — finishing current scraper then shutting down.
2026-09-23 00:01:25  WARNING   Signal SIGINT received — finishing current scraper then shutting down.
2026-09-23 00:01:25  WARNING   Signal SIGINT received — finishing current scraper then shutting down.
2026-09-23 00:01:25  WARNING   Signal SIGINT received — finishing current scraper then shutting down.
2026-09-23 00:01:25  WARNING   Signal SIGINT received — finishing current scraper then shutting down.
2026-09-23 00:01:25  WARNING   Signal SIGINT received — finishing current scraper then shutting down.
2026-09-23 00:01:25  WARNING   Signal SIGINT received — finishing current scraper then shutting down.
2026-09-23 00:01:25  WARNING   Signal SIGINT received — finishing current scraper then shutting down.
2026-09-23 00:01:25  WARNING   Signal SIGINT received — finishing current scraper then shutting down.
2026-09-23 00:01:25  WARNING   Signal SIGINT received — finishing current scraper then shutting down.
2026-09-23 00:01:25  WARNING   Signal SIGINT received — finishing current scraper then shutting down.
2026-09-23 00:01:26  WARNING   Signal SIGINT received — finishing current scraper then shutting down.
2026-09-23 00:01:26  WARNING   Signal SIGINT received — finishing current scraper then shutting down.
2026-09-23 00:16:00  INFO      Job Scraper Deployment Runner started (PID 67047, mode=every 0.0h)
2026-09-23 00:16:00  INFO      Log file: /Users/tejaszodape/Desktop/Hitandi tech/Job_scarpper_V2/scraper.log
2026-09-23 00:16:00  INFO      Lock file: /Users/tejaszodape/Desktop/Hitandi tech/Job_scarpper_V2/.scraper.lock
2026-09-23 00:16:01  INFO      Loaded scrapers: ['check_db', 'all_scrape', 'workday']
2026-09-23 00:16:01  INFO      =================================================================
2026-09-23 00:16:01  INFO        PIPELINE START — Cycle #1  [2026-09-23T00:16:01.586720]
2026-09-23 00:16:01  INFO      =================================================================
2026-09-23 00:16:01  INFO      [Cycle 1] ── all_scrape.py (US + UK) starting ──
2026-09-23 00:21:30  INFO      [Cycle 1] ── all_scrape.py (US + UK) finished in 329s ──
2026-09-23 00:21:30  INFO      [Cycle 1] ── workday_scraper.py (US + UK) starting ──
2026-09-23 00:23:12  INFO      Job Scraper Deployment Runner started (PID 68368, mode=every 0.0h)
2026-09-23 00:23:12  INFO      Log file: /Users/tejaszodape/Desktop/Hitandi tech/Job_scarpper_V2/scraper.log
2026-09-23 00:23:12  INFO      Lock file: /Users/tejaszodape/Desktop/Hitandi tech/Job_scarpper_V2/.scraper.lock
2026-09-23 00:23:14  INFO      Loaded scrapers: ['check_db', 'all_scrape', 'workday']
2026-09-23 00:23:14  INFO      =================================================================
2026-09-23 00:23:14  INFO        PIPELINE START — Cycle #1  [2026-09-23T00:23:14.235060]
2026-09-23 00:23:14  INFO      =================================================================
2026-09-23 00:23:14  INFO      [Cycle 1] ── all_scrape.py (US + UK) starting ──
2026-09-23 00:23:52  INFO      [Cycle 1] ── workday_scraper.py (US + UK) finished in 141s ──
2026-09-23 00:23:52  INFO      =================================================================
2026-09-23 00:23:52  INFO        PIPELINE COMPLETE — Cycle #1  [2026-09-23T00:23:52.013885]
2026-09-23 00:23:52  INFO      =================================================================
2026-09-23 00:23:52  INFO      Next pipeline run at: 2026-09-23 00:16:01 (sleeping 0.00h)
2026-09-23 00:23:52  INFO      =================================================================
2026-09-23 00:23:52  INFO        PIPELINE START — Cycle #2  [2026-09-23T00:23:52.014406]
2026-09-23 00:23:52  INFO      =================================================================
2026-09-23 00:23:52  INFO      [Cycle 2] ── all_scrape.py (US + UK) starting ──
2026-09-23 00:28:33  INFO      [Cycle 1] ── all_scrape.py (US + UK) finished in 319s ──
2026-09-23 00:28:33  INFO      [Cycle 1] ── workday_scraper.py (US + UK) starting ──
2026-09-23 00:29:22  INFO      [Cycle 2] ── all_scrape.py (US + UK) finished in 330s ──
2026-09-23 00:29:22  INFO      [Cycle 2] ── workday_scraper.py (US + UK) starting ──
2026-09-23 00:32:34  INFO      Job Scraper Deployment Runner started (PID 71169, mode=every 0.0h)
2026-09-23 00:32:34  INFO      Log file: /Users/tejaszodape/Desktop/Hitandi tech/Job_scarpper_V2/scraper.log
2026-09-23 00:32:34  INFO      Lock file: /Users/tejaszodape/Desktop/Hitandi tech/Job_scarpper_V2/.scraper.lock
2026-09-23 00:32:35  INFO      Loaded scrapers: ['check_db', 'all_scrape', 'workday']
2026-09-23 00:32:35  INFO      =================================================================
2026-09-23 00:32:35  INFO        PIPELINE START — Cycle #1  [2026-09-23T00:32:35.366493]
2026-09-23 00:32:35  INFO      =================================================================
2026-09-23 00:32:35  INFO      [Cycle 1] ── all_scrape.py (US + UK) starting ──
2026-09-23 00:34:51  INFO      [Cycle 1] ── all_scrape.py (US + UK) finished in 136s ──
2026-09-23 00:34:51  INFO      [Cycle 1] ── workday_scraper.py (US + UK) starting ──
2026-09-23 00:40:02  INFO      [Cycle 1] ── workday_scraper.py (US + UK) finished in 311s ──
2026-09-23 00:40:02  INFO      =================================================================
2026-09-23 00:40:02  INFO        PIPELINE COMPLETE — Cycle #1  [2026-09-23T00:40:02.485612]
2026-09-23 00:40:02  INFO      =================================================================
2026-09-23 00:40:02  INFO      Next pipeline run at: 2026-09-23 00:32:35 (sleeping 0.00h)
2026-09-23 00:40:02  INFO      =================================================================
2026-09-23 00:40:02  INFO        PIPELINE START — Cycle #2  [2026-09-23T00:40:02.486652]
2026-09-23 00:40:02  INFO      =================================================================
2026-09-23 00:40:02  INFO      [Cycle 2] ── all_scrape.py (US + UK) starting ──
2026-09-23 00:42:31  INFO      [Cycle 2] ── all_scrape.py (US + UK) finished in 148s ──
2026-09-23 00:42:31  INFO      [Cycle 2] ── workday_scraper.py (US + UK) starting ──
2026-09-23 00:47:57  INFO      [Cycle 2] ── workday_scraper.py (US + UK) finished in 327s ──
2026-09-23 00:47:57  INFO      =================================================================
2026-09-23 00:47:57  INFO        PIPELINE COMPLETE — Cycle #2  [2026-09-23T00:47:57.898784]
2026-09-23 00:47:57  INFO      =================================================================
2026-09-23 00:47:57  INFO      Next pipeline run at: 2026-09-23 00:40:02 (sleeping 0.00h)
2026-09-23 00:47:57  INFO      =================================================================
2026-09-23 00:47:57  INFO        PIPELINE START — Cycle #3  [2026-09-23T00:47:57.899954]
2026-09-23 00:47:57  INFO      =================================================================
2026-09-23 00:47:58  INFO      [Cycle 3] ── all_scrape.py (US + UK) starting ──
2026-09-23 00:48:04  WARNING   Signal SIGINT received — finishing current scraper then shutting down.
2026-09-23 00:48:04  WARNING   Signal SIGINT received — finishing current scraper then shutting down.
2026-09-23 00:48:04  ERROR     [Cycle 3] all_scrape.py (US + UK) CRASHED after 6s:
Traceback (most recent call last):
  File "/Users/tejaszodape/Desktop/Hitandi tech/Job_scarpper_V2/venv/lib/python3.14/site-packages/urllib3/connectionpool.py", line 793, in urlopen
    response = self._make_request(
        conn,
    ...<10 lines>...
        **response_kw,
    )
  File "/Users/tejaszodape/Desktop/Hitandi tech/Job_scarpper_V2/venv/lib/python3.14/site-packages/urllib3/connectionpool.py", line 540, in _make_request
    response = conn.getresponse()
  File "/Users/tejaszodape/Desktop/Hitandi tech/Job_scarpper_V2/venv/lib/python3.14/site-packages/urllib3/connection.py", line 638, in getresponse
    httplib_response = super().getresponse()
  File "/Library/Frameworks/Python.framework/Versions/3.14/lib/python3.14/http/client.py", line 1430, in getresponse
    response.begin()
    ~~~~~~~~~~~~~~^^
  File "/Library/Frameworks/Python.framework/Versions/3.14/lib/python3.14/http/client.py", line 331, in begin
    version, status, reason = self._read_status()
                              ~~~~~~~~~~~~~~~~~^^
  File "/Library/Frameworks/Python.framework/Versions/3.14/lib/python3.14/http/client.py", line 300, in _read_status
    raise RemoteDisconnected("Remote end closed connection without"
                             " response")
http.client.RemoteDisconnected: Remote end closed connection without response

During handling of the above exception, another exception occurred:

Traceback (most recent call last):
  File "/Users/tejaszodape/Desktop/Hitandi tech/Job_scarpper_V2/run_scrapers.py", line 201, in _run_step
    fn()
    ~~^^
  File "/Users/tejaszodape/Desktop/Hitandi tech/Job_scarpper_V2/all_scrape.py", line 2557, in main
    count_and_scrape_with_progress(
    ~~~~~~~~~~~~~~~~~~~~~~~~~~~~~~^
        config_file=config_file,
        ^^^^^^^^^^^^^^^^^^^^^^^^
        progress_file=us_progress_file,
        ^^^^^^^^^^^^^^^^^^^^^^^^^^^^^^^
        count_only=count_only,
        ^^^^^^^^^^^^^^^^^^^^^^
    )
    ^
  File "/Users/tejaszodape/Desktop/Hitandi tech/Job_scarpper_V2/all_scrape.py", line 2262, in count_and_scrape_with_progress
    driver = get_or_restart_driver(None)
  File "/Users/tejaszodape/Desktop/Hitandi tech/Job_scarpper_V2/all_scrape.py", line 2183, in get_or_restart_driver
    return setup_chrome_driver()
  File "/Users/tejaszodape/Desktop/Hitandi tech/Job_scarpper_V2/all_scrape.py", line 668, in setup_chrome_driver
    driver = webdriver.Chrome(service=service, options=options)
  File "/Users/tejaszodape/Desktop/Hitandi tech/Job_scarpper_V2/venv/lib/python3.14/site-packages/selenium/webdriver/chrome/webdriver.py", line 45, in __init__
    super().__init__(
    ~~~~~~~~~~~~~~~~^
        browser_name=DesiredCapabilities.CHROME["browserName"],
        ^^^^^^^^^^^^^^^^^^^^^^^^^^^^^^^^^^^^^^^^^^^^^^^^^^^^^^^
    ...<3 lines>...
        keep_alive=keep_alive,
        ^^^^^^^^^^^^^^^^^^^^^^
    )
    ^
  File "/Users/tejaszodape/Desktop/Hitandi tech/Job_scarpper_V2/venv/lib/python3.14/site-packages/selenium/webdriver/chromium/webdriver.py", line 66, in __init__
    super().__init__(command_executor=executor, options=self.options)
    ~~~~~~~~~~~~~~~~^^^^^^^^^^^^^^^^^^^^^^^^^^^^^^^^^^^^^^^^^^^^^^^^^
  File "/Users/tejaszodape/Desktop/Hitandi tech/Job_scarpper_V2/venv/lib/python3.14/site-packages/selenium/webdriver/common/webdriver.py", line 25, in __init__
    super().__init__(*args, **kwargs)
    ~~~~~~~~~~~~~~~~^^^^^^^^^^^^^^^^^
  File "/Users/tejaszodape/Desktop/Hitandi tech/Job_scarpper_V2/venv/lib/python3.14/site-packages/selenium/webdriver/remote/webdriver.py", line 296, in __init__
    self.start_session(capabilities)
    ~~~~~~~~~~~~~~~~~~^^^^^^^^^^^^^^
  File "/Users/tejaszodape/Desktop/Hitandi tech/Job_scarpper_V2/venv/lib/python3.14/site-packages/selenium/webdriver/remote/webdriver.py", line 401, in start_session
    response = self.execute(Command.NEW_SESSION, caps)["value"]
               ~~~~~~~~~~~~^^^^^^^^^^^^^^^^^^^^^^^^^^^
  File "/Users/tejaszodape/Desktop/Hitandi tech/Job_scarpper_V2/venv/lib/python3.14/site-packages/selenium/webdriver/remote/webdriver.py", line 503, in execute
    response = cast(RemoteConnection, self.command_executor).execute(driver_command, params)
  File "/Users/tejaszodape/Desktop/Hitandi tech/Job_scarpper_V2/venv/lib/python3.14/site-packages/selenium/webdriver/remote/remote_connection.py", line 407, in execute
    return self._request(command_info[0], url, body=data)
           ~~~~~~~~~~~~~^^^^^^^^^^^^^^^^^^^^^^^^^^^^^^^^^
  File "/Users/tejaszodape/Desktop/Hitandi tech/Job_scarpper_V2/venv/lib/python3.14/site-packages/selenium/webdriver/remote/remote_connection.py", line 431, in _request
    response = self._conn.request(method, url, body=body, headers=headers, timeout=self._client_config.timeout)
  File "/Users/tejaszodape/Desktop/Hitandi tech/Job_scarpper_V2/venv/lib/python3.14/site-packages/urllib3/_request_methods.py", line 143, in request
    return self.request_encode_body(
           ~~~~~~~~~~~~~~~~~~~~~~~~^
        method, url, fields=fields, headers=headers, **urlopen_kw
        ^^^^^^^^^^^^^^^^^^^^^^^^^^^^^^^^^^^^^^^^^^^^^^^^^^^^^^^^^
    )
    ^
  File "/Users/tejaszodape/Desktop/Hitandi tech/Job_scarpper_V2/venv/lib/python3.14/site-packages/urllib3/_request_methods.py", line 278, in request_encode_body
    return self.urlopen(method, url, **extra_kw)
           ~~~~~~~~~~~~^^^^^^^^^^^^^^^^^^^^^^^^^
  File "/Users/tejaszodape/Desktop/Hitandi tech/Job_scarpper_V2/venv/lib/python3.14/site-packages/urllib3/poolmanager.py", line 459, in urlopen
    response = conn.urlopen(method, u.request_uri, **kw)
  File "/Users/tejaszodape/Desktop/Hitandi tech/Job_scarpper_V2/venv/lib/python3.14/site-packages/urllib3/connectionpool.py", line 847, in urlopen
    retries = retries.increment(
        method, url, error=new_e, _pool=self, _stacktrace=sys.exc_info()[2]
    )
  File "/Users/tejaszodape/Desktop/Hitandi tech/Job_scarpper_V2/venv/lib/python3.14/site-packages/urllib3/util/retry.py", line 510, in increment
    raise reraise(type(error), error, _stacktrace)
          ~~~~~~~^^^^^^^^^^^^^^^^^^^^^^^^^^^^^^^^^
  File "/Users/tejaszodape/Desktop/Hitandi tech/Job_scarpper_V2/venv/lib/python3.14/site-packages/urllib3/util/util.py", line 38, in reraise
    raise value.with_traceback(tb)
  File "/Users/tejaszodape/Desktop/Hitandi tech/Job_scarpper_V2/venv/lib/python3.14/site-packages/urllib3/connectionpool.py", line 793, in urlopen
    response = self._make_request(
        conn,
    ...<10 lines>...
        **response_kw,
    )
  File "/Users/tejaszodape/Desktop/Hitandi tech/Job_scarpper_V2/venv/lib/python3.14/site-packages/urllib3/connectionpool.py", line 540, in _make_request
    response = conn.getresponse()
  File "/Users/tejaszodape/Desktop/Hitandi tech/Job_scarpper_V2/venv/lib/python3.14/site-packages/urllib3/connection.py", line 638, in getresponse
    httplib_response = super().getresponse()
  File "/Library/Frameworks/Python.framework/Versions/3.14/lib/python3.14/http/client.py", line 1430, in getresponse
    response.begin()
    ~~~~~~~~~~~~~~^^
  File "/Library/Frameworks/Python.framework/Versions/3.14/lib/python3.14/http/client.py", line 331, in begin
    version, status, reason = self._read_status()
                              ~~~~~~~~~~~~~~~~~^^
  File "/Library/Frameworks/Python.framework/Versions/3.14/lib/python3.14/http/client.py", line 300, in _read_status
    raise RemoteDisconnected("Remote end closed connection without"
                             " response")
urllib3.exceptions.ProtocolError: ('Connection aborted.', RemoteDisconnected('Remote end closed connection without response'))

2026-09-23 00:48:04  INFO      Shutdown requested — skipping remaining steps.
2026-09-23 00:48:04  INFO      Shutting down — releasing lock file.
2026-09-23 00:48:04  INFO      Goodbye.
2026-09-23 11:42:38  INFO      Job Scraper Deployment Runner started (PID 86361, mode=every 0.0h)
2026-09-23 11:42:38  INFO      Log file: /Users/tejaszodape/Desktop/Hitandi tech/Job_scarpper_V2/scraper.log
2026-09-23 11:42:38  INFO      Lock file: /Users/tejaszodape/Desktop/Hitandi tech/Job_scarpper_V2/.scraper.lock
2026-09-23 12:14:13  INFO      Job Scraper Deployment Runner started (PID 91202, mode=every 0.0h)
2026-09-23 12:14:13  INFO      Log file: /Users/tejaszodape/Desktop/Hitandi tech/Job_scarpper_V2/scraper.log
2026-09-23 12:14:13  INFO      Lock file: /Users/tejaszodape/Desktop/Hitandi tech/Job_scarpper_V2/.scraper.lock
2026-09-23 12:14:14  INFO      Loaded scrapers: ['check_db', 'all_scrape']
2026-09-23 12:14:14  INFO      =================================================================
2026-09-23 12:14:14  INFO        PIPELINE START — Cycle #1  [2026-09-23T12:14:14.605244]
2026-09-23 12:14:14  INFO      =================================================================
2026-09-23 12:14:14  INFO      [Cycle 1] ── all_scrape.py (US + UK) starting ──
2026-09-23 13:40:20  INFO      [Cycle 1] ── all_scrape.py (US + UK) finished in 5166s ──
2026-09-23 13:40:20  WARNING   workday_scraper.py — skipped (not importable)
2026-09-23 13:40:20  INFO      =================================================================
2026-09-23 13:40:20  INFO        PIPELINE COMPLETE — Cycle #1  [2026-09-23T13:40:20.859421]
2026-09-23 13:40:20  INFO      =================================================================
2026-09-23 13:40:20  INFO      Next pipeline run at: 2026-09-23 12:14:14 (sleeping 0.00h)
2026-09-23 13:40:20  INFO      =================================================================
2026-09-23 13:40:20  INFO        PIPELINE START — Cycle #2  [2026-09-23T13:40:20.860505]
2026-09-23 13:40:20  INFO      =================================================================
2026-09-23 13:40:20  INFO      [Cycle 2] ── all_scrape.py (US + UK) starting ──
2026-09-23 14:31:48  WARNING   Signal SIGINT received — finishing current scraper then shutting down.
2026-09-23 14:31:48  WARNING   Signal SIGINT received — finishing current scraper then shutting down.
2026-09-23 14:31:48  WARNING   Signal SIGINT received — finishing current scraper then shutting down.
2026-09-23 14:31:48  WARNING   Signal SIGINT received — finishing current scraper then shutting down.
2026-09-23 14:51:17  INFO      Job Scraper Deployment Runner started (PID 15111, mode=every 0.0h)
2026-09-23 14:51:17  INFO      Log file: /Users/tejaszodape/Desktop/Hitandi tech/Job_scarpper_V2/scraper.log
2026-09-23 14:51:17  INFO      Lock file: /Users/tejaszodape/Desktop/Hitandi tech/Job_scarpper_V2/.scraper.lock
2026-09-23 14:51:18  INFO      Loaded scrapers: ['check_db', 'all_scrape']
2026-09-23 14:51:18  INFO      =================================================================
2026-09-23 14:51:18  INFO        PIPELINE START — Cycle #1  [2026-09-23T14:51:18.611512]
2026-09-23 14:51:18  INFO      =================================================================
2026-09-23 14:51:18  INFO      [Cycle 1] ── all_scrape.py (US + UK) starting ──
2026-09-23 14:51:18  ERROR     [Cycle 1] all_scrape.py (US + UK) CRASHED after 0s:
Traceback (most recent call last):
  File "/Users/tejaszodape/Desktop/Hitandi tech/Job_scarpper_V2/run_scrapers.py", line 201, in _run_step
    fn()
    ~~^^
  File "/Users/tejaszodape/Desktop/Hitandi tech/Job_scarpper_V2/all_scrape.py", line 2661, in main
    count_and_scrape_with_progress(
    ~~~~~~~~~~~~~~~~~~~~~~~~~~~~~~^
        config_file=config_file,
        ^^^^^^^^^^^^^^^^^^^^^^^^
        progress_file=us_progress_file,
        ^^^^^^^^^^^^^^^^^^^^^^^^^^^^^^^
        count_only=count_only,
        ^^^^^^^^^^^^^^^^^^^^^^
    )
    ^
  File "/Users/tejaszodape/Desktop/Hitandi tech/Job_scarpper_V2/all_scrape.py", line 2221, in count_and_scrape_with_progress
    config = json.load(f)
  File "/Library/Frameworks/Python.framework/Versions/3.14/lib/python3.14/json/__init__.py", line 293, in load
    return loads(fp.read(),
        cls=cls, object_hook=object_hook,
        parse_float=parse_float, parse_int=parse_int,
        parse_constant=parse_constant, object_pairs_hook=object_pairs_hook, **kw)
  File "/Library/Frameworks/Python.framework/Versions/3.14/lib/python3.14/json/__init__.py", line 346, in loads
    return _default_decoder.decode(s)
           ~~~~~~~~~~~~~~~~~~~~~~~^^^
  File "/Library/Frameworks/Python.framework/Versions/3.14/lib/python3.14/json/decoder.py", line 345, in decode
    obj, end = self.raw_decode(s, idx=_w(s, 0).end())
               ~~~~~~~~~~~~~~~^^^^^^^^^^^^^^^^^^^^^^^
  File "/Library/Frameworks/Python.framework/Versions/3.14/lib/python3.14/json/decoder.py", line 363, in raw_decode
    raise JSONDecodeError("Expecting value", s, err.value) from None
json.decoder.JSONDecodeError: Expecting value: line 1 column 1 (char 0)

2026-09-23 14:51:18  WARNING   workday_scraper.py — skipped (not importable)
2026-09-23 14:51:18  INFO      =================================================================
2026-09-23 14:51:18  INFO        PIPELINE COMPLETE — Cycle #1  [2026-09-23T14:51:18.729593]
2026-09-23 14:51:18  INFO      =================================================================
2026-09-23 14:51:18  INFO      Next pipeline run at: 2026-09-23 14:51:18 (sleeping 0.00h)
2026-09-23 14:51:18  INFO      =================================================================
2026-09-23 14:51:18  INFO        PIPELINE START — Cycle #2  [2026-09-23T14:51:18.730395]
2026-09-23 14:51:18  INFO      =================================================================
2026-09-23 14:51:18  INFO      [Cycle 2] ── all_scrape.py (US + UK) starting ──
2026-09-23 14:51:18  ERROR     [Cycle 2] all_scrape.py (US + UK) CRASHED after 0s:
Traceback (most recent call last):
  File "/Users/tejaszodape/Desktop/Hitandi tech/Job_scarpper_V2/run_scrapers.py", line 201, in _run_step
    fn()
    ~~^^
  File "/Users/tejaszodape/Desktop/Hitandi tech/Job_scarpper_V2/all_scrape.py", line 2661, in main
    count_and_scrape_with_progress(
    ~~~~~~~~~~~~~~~~~~~~~~~~~~~~~~^
        config_file=config_file,
        ^^^^^^^^^^^^^^^^^^^^^^^^
        progress_file=us_progress_file,
        ^^^^^^^^^^^^^^^^^^^^^^^^^^^^^^^
        count_only=count_only,
        ^^^^^^^^^^^^^^^^^^^^^^
    )
    ^
  File "/Users/tejaszodape/Desktop/Hitandi tech/Job_scarpper_V2/all_scrape.py", line 2221, in count_and_scrape_with_progress
    config = json.load(f)
  File "/Library/Frameworks/Python.framework/Versions/3.14/lib/python3.14/json/__init__.py", line 293, in load
    return loads(fp.read(),
        cls=cls, object_hook=object_hook,
        parse_float=parse_float, parse_int=parse_int,
        parse_constant=parse_constant, object_pairs_hook=object_pairs_hook, **kw)
  File "/Library/Frameworks/Python.framework/Versions/3.14/lib/python3.14/json/__init__.py", line 346, in loads
    return _default_decoder.decode(s)
           ~~~~~~~~~~~~~~~~~~~~~~~^^^
  File "/Library/Frameworks/Python.framework/Versions/3.14/lib/python3.14/json/decoder.py", line 345, in decode
    obj, end = self.raw_decode(s, idx=_w(s, 0).end())
               ~~~~~~~~~~~~~~~^^^^^^^^^^^^^^^^^^^^^^^
  File "/Library/Frameworks/Python.framework/Versions/3.14/lib/python3.14/json/decoder.py", line 363, in raw_decode
    raise JSONDecodeError("Expecting value", s, err.value) from None
json.decoder.JSONDecodeError: Expecting value: line 1 column 1 (char 0)

2026-09-23 14:51:18  WARNING   workday_scraper.py — skipped (not importable)
2026-09-23 14:51:18  INFO      =================================================================
2026-09-23 14:51:18  INFO        PIPELINE COMPLETE — Cycle #2  [2026-09-23T14:51:18.853773]
2026-09-23 14:51:18  INFO      =================================================================
2026-09-23 14:51:18  INFO      Next pipeline run at: 2026-09-23 14:51:18 (sleeping 0.00h)
2026-09-23 14:51:18  INFO      =================================================================
2026-09-23 14:51:18  INFO        PIPELINE START — Cycle #3  [2026-09-23T14:51:18.854643]
2026-09-23 14:51:18  INFO      =================================================================
2026-09-23 14:51:18  INFO      [Cycle 3] ── all_scrape.py (US + UK) starting ──
2026-09-23 14:51:18  ERROR     [Cycle 3] all_scrape.py (US + UK) CRASHED after 0s:
Traceback (most recent call last):
  File "/Users/tejaszodape/Desktop/Hitandi tech/Job_scarpper_V2/run_scrapers.py", line 201, in _run_step
    fn()
    ~~^^
  File "/Users/tejaszodape/Desktop/Hitandi tech/Job_scarpper_V2/all_scrape.py", line 2661, in main
    count_and_scrape_with_progress(
    ~~~~~~~~~~~~~~~~~~~~~~~~~~~~~~^
        config_file=config_file,
        ^^^^^^^^^^^^^^^^^^^^^^^^
        progress_file=us_progress_file,
        ^^^^^^^^^^^^^^^^^^^^^^^^^^^^^^^
        count_only=count_only,
        ^^^^^^^^^^^^^^^^^^^^^^
    )
    ^
  File "/Users/tejaszodape/Desktop/Hitandi tech/Job_scarpper_V2/all_scrape.py", line 2221, in count_and_scrape_with_progress
    config = json.load(f)
  File "/Library/Frameworks/Python.framework/Versions/3.14/lib/python3.14/json/__init__.py", line 293, in load
    return loads(fp.read(),
        cls=cls, object_hook=object_hook,
        parse_float=parse_float, parse_int=parse_int,
        parse_constant=parse_constant, object_pairs_hook=object_pairs_hook, **kw)
  File "/Library/Frameworks/Python.framework/Versions/3.14/lib/python3.14/json/__init__.py", line 346, in loads
    return _default_decoder.decode(s)
           ~~~~~~~~~~~~~~~~~~~~~~~^^^
  File "/Library/Frameworks/Python.framework/Versions/3.14/lib/python3.14/json/decoder.py", line 345, in decode
    obj, end = self.raw_decode(s, idx=_w(s, 0).end())
               ~~~~~~~~~~~~~~~^^^^^^^^^^^^^^^^^^^^^^^
  File "/Library/Frameworks/Python.framework/Versions/3.14/lib/python3.14/json/decoder.py", line 363, in raw_decode
    raise JSONDecodeError("Expecting value", s, err.value) from None
json.decoder.JSONDecodeError: Expecting value: line 1 column 1 (char 0)

2026-09-23 14:51:18  WARNING   workday_scraper.py — skipped (not importable)
2026-09-23 14:51:18  INFO      =================================================================
2026-09-23 14:51:18  INFO        PIPELINE COMPLETE — Cycle #3  [2026-09-23T14:51:18.970779]
2026-09-23 14:51:18  INFO      =================================================================
2026-09-23 14:51:18  INFO      Next pipeline run at: 2026-09-23 14:51:18 (sleeping 0.00h)
2026-09-23 14:51:18  INFO      =================================================================
2026-09-23 14:51:18  INFO        PIPELINE START — Cycle #4  [2026-09-23T14:51:18.971651]
2026-09-23 14:51:18  INFO      =================================================================
2026-09-23 14:51:19  INFO      [Cycle 4] ── all_scrape.py (US + UK) starting ──
2026-09-23 14:51:19  ERROR     [Cycle 4] all_scrape.py (US + UK) CRASHED after 0s:
Traceback (most recent call last):
  File "/Users/tejaszodape/Desktop/Hitandi tech/Job_scarpper_V2/run_scrapers.py", line 201, in _run_step
    fn()
    ~~^^
  File "/Users/tejaszodape/Desktop/Hitandi tech/Job_scarpper_V2/all_scrape.py", line 2661, in main
    count_and_scrape_with_progress(
    ~~~~~~~~~~~~~~~~~~~~~~~~~~~~~~^
        config_file=config_file,
        ^^^^^^^^^^^^^^^^^^^^^^^^
        progress_file=us_progress_file,
        ^^^^^^^^^^^^^^^^^^^^^^^^^^^^^^^
        count_only=count_only,
        ^^^^^^^^^^^^^^^^^^^^^^
    )
    ^
  File "/Users/tejaszodape/Desktop/Hitandi tech/Job_scarpper_V2/all_scrape.py", line 2221, in count_and_scrape_with_progress
    config = json.load(f)
  File "/Library/Frameworks/Python.framework/Versions/3.14/lib/python3.14/json/__init__.py", line 293, in load
    return loads(fp.read(),
        cls=cls, object_hook=object_hook,
        parse_float=parse_float, parse_int=parse_int,
        parse_constant=parse_constant, object_pairs_hook=object_pairs_hook, **kw)
  File "/Library/Frameworks/Python.framework/Versions/3.14/lib/python3.14/json/__init__.py", line 346, in loads
    return _default_decoder.decode(s)
           ~~~~~~~~~~~~~~~~~~~~~~~^^^
  File "/Library/Frameworks/Python.framework/Versions/3.14/lib/python3.14/json/decoder.py", line 345, in decode
    obj, end = self.raw_decode(s, idx=_w(s, 0).end())
               ~~~~~~~~~~~~~~~^^^^^^^^^^^^^^^^^^^^^^^
  File "/Library/Frameworks/Python.framework/Versions/3.14/lib/python3.14/json/decoder.py", line 363, in raw_decode
    raise JSONDecodeError("Expecting value", s, err.value) from None
json.decoder.JSONDecodeError: Expecting value: line 1 column 1 (char 0)

2026-09-23 14:51:19  WARNING   workday_scraper.py — skipped (not importable)
2026-09-23 14:51:19  INFO      =================================================================
2026-09-23 14:51:19  INFO        PIPELINE COMPLETE — Cycle #4  [2026-09-23T14:51:19.091640]
2026-09-23 14:51:19  INFO      =================================================================
2026-09-23 14:51:19  INFO      Next pipeline run at: 2026-09-23 14:51:18 (sleeping 0.00h)
2026-09-23 14:51:19  INFO      =================================================================
2026-09-23 14:51:19  INFO        PIPELINE START — Cycle #5  [2026-09-23T14:51:19.092805]
2026-09-23 14:51:19  INFO      =================================================================
2026-09-23 14:51:19  INFO      [Cycle 5] ── all_scrape.py (US + UK) starting ──
2026-09-23 14:51:19  ERROR     [Cycle 5] all_scrape.py (US + UK) CRASHED after 0s:
Traceback (most recent call last):
  File "/Users/tejaszodape/Desktop/Hitandi tech/Job_scarpper_V2/run_scrapers.py", line 201, in _run_step
    fn()
    ~~^^
  File "/Users/tejaszodape/Desktop/Hitandi tech/Job_scarpper_V2/all_scrape.py", line 2661, in main
    count_and_scrape_with_progress(
    ~~~~~~~~~~~~~~~~~~~~~~~~~~~~~~^
        config_file=config_file,
        ^^^^^^^^^^^^^^^^^^^^^^^^
        progress_file=us_progress_file,
        ^^^^^^^^^^^^^^^^^^^^^^^^^^^^^^^
        count_only=count_only,
        ^^^^^^^^^^^^^^^^^^^^^^
    )
    ^
  File "/Users/tejaszodape/Desktop/Hitandi tech/Job_scarpper_V2/all_scrape.py", line 2221, in count_and_scrape_with_progress
    config = json.load(f)
  File "/Library/Frameworks/Python.framework/Versions/3.14/lib/python3.14/json/__init__.py", line 293, in load
    return loads(fp.read(),
        cls=cls, object_hook=object_hook,
        parse_float=parse_float, parse_int=parse_int,
        parse_constant=parse_constant, object_pairs_hook=object_pairs_hook, **kw)
  File "/Library/Frameworks/Python.framework/Versions/3.14/lib/python3.14/json/__init__.py", line 346, in loads
    return _default_decoder.decode(s)
           ~~~~~~~~~~~~~~~~~~~~~~~^^^
  File "/Library/Frameworks/Python.framework/Versions/3.14/lib/python3.14/json/decoder.py", line 345, in decode
    obj, end = self.raw_decode(s, idx=_w(s, 0).end())
               ~~~~~~~~~~~~~~~^^^^^^^^^^^^^^^^^^^^^^^
  File "/Library/Frameworks/Python.framework/Versions/3.14/lib/python3.14/json/decoder.py", line 363, in raw_decode
    raise JSONDecodeError("Expecting value", s, err.value) from None
json.decoder.JSONDecodeError: Expecting value: line 1 column 1 (char 0)

2026-09-23 14:51:19  WARNING   workday_scraper.py — skipped (not importable)
2026-09-23 14:51:19  INFO      =================================================================
2026-09-23 14:51:19  INFO        PIPELINE COMPLETE — Cycle #5  [2026-09-23T14:51:19.217610]
2026-09-23 14:51:19  INFO      =================================================================
2026-09-23 14:51:19  INFO      Next pipeline run at: 2026-09-23 14:51:19 (sleeping 0.00h)
2026-09-23 14:51:19  INFO      =================================================================
2026-09-23 14:51:19  INFO        PIPELINE START — Cycle #6  [2026-09-23T14:51:19.218454]
2026-09-23 14:51:19  INFO      =================================================================
2026-09-23 14:51:19  INFO      [Cycle 6] ── all_scrape.py (US + UK) starting ──
2026-09-23 14:51:19  ERROR     [Cycle 6] all_scrape.py (US + UK) CRASHED after 0s:
Traceback (most recent call last):
  File "/Users/tejaszodape/Desktop/Hitandi tech/Job_scarpper_V2/run_scrapers.py", line 201, in _run_step
    fn()
    ~~^^
  File "/Users/tejaszodape/Desktop/Hitandi tech/Job_scarpper_V2/all_scrape.py", line 2661, in main
    count_and_scrape_with_progress(
    ~~~~~~~~~~~~~~~~~~~~~~~~~~~~~~^
        config_file=config_file,
        ^^^^^^^^^^^^^^^^^^^^^^^^
        progress_file=us_progress_file,
        ^^^^^^^^^^^^^^^^^^^^^^^^^^^^^^^
        count_only=count_only,
        ^^^^^^^^^^^^^^^^^^^^^^
    )
    ^
  File "/Users/tejaszodape/Desktop/Hitandi tech/Job_scarpper_V2/all_scrape.py", line 2221, in count_and_scrape_with_progress
    config = json.load(f)
  File "/Library/Frameworks/Python.framework/Versions/3.14/lib/python3.14/json/__init__.py", line 293, in load
    return loads(fp.read(),
        cls=cls, object_hook=object_hook,
        parse_float=parse_float, parse_int=parse_int,
        parse_constant=parse_constant, object_pairs_hook=object_pairs_hook, **kw)
  File "/Library/Frameworks/Python.framework/Versions/3.14/lib/python3.14/json/__init__.py", line 346, in loads
    return _default_decoder.decode(s)
           ~~~~~~~~~~~~~~~~~~~~~~~^^^
  File "/Library/Frameworks/Python.framework/Versions/3.14/lib/python3.14/json/decoder.py", line 345, in decode
    obj, end = self.raw_decode(s, idx=_w(s, 0).end())
               ~~~~~~~~~~~~~~~^^^^^^^^^^^^^^^^^^^^^^^
  File "/Library/Frameworks/Python.framework/Versions/3.14/lib/python3.14/json/decoder.py", line 363, in raw_decode
    raise JSONDecodeError("Expecting value", s, err.value) from None
json.decoder.JSONDecodeError: Expecting value: line 1 column 1 (char 0)

2026-09-23 14:51:19  WARNING   workday_scraper.py — skipped (not importable)
2026-09-23 14:51:19  INFO      =================================================================
2026-09-23 14:51:19  INFO        PIPELINE COMPLETE — Cycle #6  [2026-09-23T14:51:19.569904]
2026-09-23 14:51:19  INFO      =================================================================
2026-09-23 14:51:19  INFO      Next pipeline run at: 2026-09-23 14:51:19 (sleeping 0.00h)
2026-09-23 14:51:19  INFO      =================================================================
2026-09-23 14:51:19  INFO        PIPELINE START — Cycle #7  [2026-09-23T14:51:19.571061]
2026-09-23 14:51:19  INFO      =================================================================
2026-09-23 14:51:19  INFO      [Cycle 7] ── all_scrape.py (US + UK) starting ──
2026-09-23 14:51:19  ERROR     [Cycle 7] all_scrape.py (US + UK) CRASHED after 0s:
Traceback (most recent call last):
  File "/Users/tejaszodape/Desktop/Hitandi tech/Job_scarpper_V2/run_scrapers.py", line 201, in _run_step
    fn()
    ~~^^
  File "/Users/tejaszodape/Desktop/Hitandi tech/Job_scarpper_V2/all_scrape.py", line 2661, in main
    count_and_scrape_with_progress(
    ~~~~~~~~~~~~~~~~~~~~~~~~~~~~~~^
        config_file=config_file,
        ^^^^^^^^^^^^^^^^^^^^^^^^
        progress_file=us_progress_file,
        ^^^^^^^^^^^^^^^^^^^^^^^^^^^^^^^
        count_only=count_only,
        ^^^^^^^^^^^^^^^^^^^^^^
    )
    ^
  File "/Users/tejaszodape/Desktop/Hitandi tech/Job_scarpper_V2/all_scrape.py", line 2221, in count_and_scrape_with_progress
    config = json.load(f)
  File "/Library/Frameworks/Python.framework/Versions/3.14/lib/python3.14/json/__init__.py", line 293, in load
    return loads(fp.read(),
        cls=cls, object_hook=object_hook,
        parse_float=parse_float, parse_int=parse_int,
        parse_constant=parse_constant, object_pairs_hook=object_pairs_hook, **kw)
  File "/Library/Frameworks/Python.framework/Versions/3.14/lib/python3.14/json/__init__.py", line 346, in loads
    return _default_decoder.decode(s)
           ~~~~~~~~~~~~~~~~~~~~~~~^^^
  File "/Library/Frameworks/Python.framework/Versions/3.14/lib/python3.14/json/decoder.py", line 345, in decode
    obj, end = self.raw_decode(s, idx=_w(s, 0).end())
               ~~~~~~~~~~~~~~~^^^^^^^^^^^^^^^^^^^^^^^
  File "/Library/Frameworks/Python.framework/Versions/3.14/lib/python3.14/json/decoder.py", line 363, in raw_decode
    raise JSONDecodeError("Expecting value", s, err.value) from None
json.decoder.JSONDecodeError: Expecting value: line 1 column 1 (char 0)

2026-09-23 14:51:19  WARNING   workday_scraper.py — skipped (not importable)
2026-09-23 14:51:19  INFO      =================================================================
2026-09-23 14:51:19  INFO        PIPELINE COMPLETE — Cycle #7  [2026-09-23T14:51:19.689072]
2026-09-23 14:51:19  INFO      =================================================================
2026-09-23 14:51:19  INFO      Next pipeline run at: 2026-09-23 14:51:19 (sleeping 0.00h)
2026-09-23 14:51:19  INFO      =================================================================
2026-09-23 14:51:19  INFO        PIPELINE START — Cycle #8  [2026-09-23T14:51:19.690097]
2026-09-23 14:51:19  INFO      =================================================================
2026-09-23 14:51:19  INFO      [Cycle 8] ── all_scrape.py (US + UK) starting ──
2026-09-23 14:51:19  ERROR     [Cycle 8] all_scrape.py (US + UK) CRASHED after 0s:
Traceback (most recent call last):
  File "/Users/tejaszodape/Desktop/Hitandi tech/Job_scarpper_V2/run_scrapers.py", line 201, in _run_step
    fn()
    ~~^^
  File "/Users/tejaszodape/Desktop/Hitandi tech/Job_scarpper_V2/all_scrape.py", line 2661, in main
    count_and_scrape_with_progress(
    ~~~~~~~~~~~~~~~~~~~~~~~~~~~~~~^
        config_file=config_file,
        ^^^^^^^^^^^^^^^^^^^^^^^^
        progress_file=us_progress_file,
        ^^^^^^^^^^^^^^^^^^^^^^^^^^^^^^^
        count_only=count_only,
        ^^^^^^^^^^^^^^^^^^^^^^
    )
    ^
  File "/Users/tejaszodape/Desktop/Hitandi tech/Job_scarpper_V2/all_scrape.py", line 2221, in count_and_scrape_with_progress
    config = json.load(f)
  File "/Library/Frameworks/Python.framework/Versions/3.14/lib/python3.14/json/__init__.py", line 293, in load
    return loads(fp.read(),
        cls=cls, object_hook=object_hook,
        parse_float=parse_float, parse_int=parse_int,
        parse_constant=parse_constant, object_pairs_hook=object_pairs_hook, **kw)
  File "/Library/Frameworks/Python.framework/Versions/3.14/lib/python3.14/json/__init__.py", line 346, in loads
    return _default_decoder.decode(s)
           ~~~~~~~~~~~~~~~~~~~~~~~^^^
  File "/Library/Frameworks/Python.framework/Versions/3.14/lib/python3.14/json/decoder.py", line 345, in decode
    obj, end = self.raw_decode(s, idx=_w(s, 0).end())
               ~~~~~~~~~~~~~~~^^^^^^^^^^^^^^^^^^^^^^^
  File "/Library/Frameworks/Python.framework/Versions/3.14/lib/python3.14/json/decoder.py", line 363, in raw_decode
    raise JSONDecodeError("Expecting value", s, err.value) from None
json.decoder.JSONDecodeError: Expecting value: line 1 column 1 (char 0)

2026-09-23 14:51:19  WARNING   workday_scraper.py — skipped (not importable)
2026-09-23 14:51:19  INFO      =================================================================
2026-09-23 14:51:19  INFO        PIPELINE COMPLETE — Cycle #8  [2026-09-23T14:51:19.810949]
2026-09-23 14:51:19  INFO      =================================================================
2026-09-23 14:51:19  INFO      Next pipeline run at: 2026-09-23 14:51:19 (sleeping 0.00h)
2026-09-23 14:51:19  INFO      =================================================================
2026-09-23 14:51:19  INFO        PIPELINE START — Cycle #9  [2026-09-23T14:51:19.812202]
2026-09-23 14:51:19  INFO      =================================================================
2026-09-23 14:51:19  INFO      [Cycle 9] ── all_scrape.py (US + UK) starting ──
2026-09-23 14:51:19  ERROR     [Cycle 9] all_scrape.py (US + UK) CRASHED after 0s:
Traceback (most recent call last):
  File "/Users/tejaszodape/Desktop/Hitandi tech/Job_scarpper_V2/run_scrapers.py", line 201, in _run_step
    fn()
    ~~^^
  File "/Users/tejaszodape/Desktop/Hitandi tech/Job_scarpper_V2/all_scrape.py", line 2661, in main
    count_and_scrape_with_progress(
    ~~~~~~~~~~~~~~~~~~~~~~~~~~~~~~^
        config_file=config_file,
        ^^^^^^^^^^^^^^^^^^^^^^^^
        progress_file=us_progress_file,
        ^^^^^^^^^^^^^^^^^^^^^^^^^^^^^^^
        count_only=count_only,
        ^^^^^^^^^^^^^^^^^^^^^^
    )
    ^
  File "/Users/tejaszodape/Desktop/Hitandi tech/Job_scarpper_V2/all_scrape.py", line 2221, in count_and_scrape_with_progress
    config = json.load(f)
  File "/Library/Frameworks/Python.framework/Versions/3.14/lib/python3.14/json/__init__.py", line 293, in load
    return loads(fp.read(),
        cls=cls, object_hook=object_hook,
        parse_float=parse_float, parse_int=parse_int,
        parse_constant=parse_constant, object_pairs_hook=object_pairs_hook, **kw)
  File "/Library/Frameworks/Python.framework/Versions/3.14/lib/python3.14/json/__init__.py", line 346, in loads
    return _default_decoder.decode(s)
           ~~~~~~~~~~~~~~~~~~~~~~~^^^
  File "/Library/Frameworks/Python.framework/Versions/3.14/lib/python3.14/json/decoder.py", line 345, in decode
    obj, end = self.raw_decode(s, idx=_w(s, 0).end())
               ~~~~~~~~~~~~~~~^^^^^^^^^^^^^^^^^^^^^^^
  File "/Library/Frameworks/Python.framework/Versions/3.14/lib/python3.14/json/decoder.py", line 363, in raw_decode
    raise JSONDecodeError("Expecting value", s, err.value) from None
json.decoder.JSONDecodeError: Expecting value: line 1 column 1 (char 0)

2026-09-23 14:51:19  WARNING   workday_scraper.py — skipped (not importable)
2026-09-23 14:51:19  INFO      =================================================================
2026-09-23 14:51:19  INFO        PIPELINE COMPLETE — Cycle #9  [2026-09-23T14:51:19.930978]
2026-09-23 14:51:19  INFO      =================================================================
2026-09-23 14:51:19  INFO      Next pipeline run at: 2026-09-23 14:51:19 (sleeping 0.00h)
2026-09-23 14:51:19  INFO      =================================================================
2026-09-23 14:51:19  INFO        PIPELINE START — Cycle #10  [2026-09-23T14:51:19.932022]
2026-09-23 14:51:19  INFO      =================================================================
2026-09-23 14:51:20  INFO      [Cycle 10] ── all_scrape.py (US + UK) starting ──
2026-09-23 14:51:20  ERROR     [Cycle 10] all_scrape.py (US + UK) CRASHED after 0s:
Traceback (most recent call last):
  File "/Users/tejaszodape/Desktop/Hitandi tech/Job_scarpper_V2/run_scrapers.py", line 201, in _run_step
    fn()
    ~~^^
  File "/Users/tejaszodape/Desktop/Hitandi tech/Job_scarpper_V2/all_scrape.py", line 2661, in main
    count_and_scrape_with_progress(
    ~~~~~~~~~~~~~~~~~~~~~~~~~~~~~~^
        config_file=config_file,
        ^^^^^^^^^^^^^^^^^^^^^^^^
        progress_file=us_progress_file,
        ^^^^^^^^^^^^^^^^^^^^^^^^^^^^^^^
        count_only=count_only,
        ^^^^^^^^^^^^^^^^^^^^^^
    )
    ^
  File "/Users/tejaszodape/Desktop/Hitandi tech/Job_scarpper_V2/all_scrape.py", line 2221, in count_and_scrape_with_progress
    config = json.load(f)
  File "/Library/Frameworks/Python.framework/Versions/3.14/lib/python3.14/json/__init__.py", line 293, in load
    return loads(fp.read(),
        cls=cls, object_hook=object_hook,
        parse_float=parse_float, parse_int=parse_int,
        parse_constant=parse_constant, object_pairs_hook=object_pairs_hook, **kw)
  File "/Library/Frameworks/Python.framework/Versions/3.14/lib/python3.14/json/__init__.py", line 346, in loads
    return _default_decoder.decode(s)
           ~~~~~~~~~~~~~~~~~~~~~~~^^^
  File "/Library/Frameworks/Python.framework/Versions/3.14/lib/python3.14/json/decoder.py", line 345, in decode
    obj, end = self.raw_decode(s, idx=_w(s, 0).end())
               ~~~~~~~~~~~~~~~^^^^^^^^^^^^^^^^^^^^^^^
  File "/Library/Frameworks/Python.framework/Versions/3.14/lib/python3.14/json/decoder.py", line 363, in raw_decode
    raise JSONDecodeError("Expecting value", s, err.value) from None
json.decoder.JSONDecodeError: Expecting value: line 1 column 1 (char 0)

2026-09-23 14:51:20  WARNING   workday_scraper.py — skipped (not importable)
2026-09-23 14:51:20  INFO      =================================================================
2026-09-23 14:51:20  INFO        PIPELINE COMPLETE — Cycle #10  [2026-09-23T14:51:20.049986]
2026-09-23 14:51:20  INFO      =================================================================
2026-09-23 14:51:20  INFO      Next pipeline run at: 2026-09-23 14:51:19 (sleeping 0.00h)
2026-09-23 14:51:20  INFO      =================================================================
2026-09-23 14:51:20  INFO        PIPELINE START — Cycle #11  [2026-09-23T14:51:20.050990]
2026-09-23 14:51:20  INFO      =================================================================
2026-09-23 14:51:20  INFO      [Cycle 11] ── all_scrape.py (US + UK) starting ──
2026-09-23 14:51:20  ERROR     [Cycle 11] all_scrape.py (US + UK) CRASHED after 0s:
Traceback (most recent call last):
  File "/Users/tejaszodape/Desktop/Hitandi tech/Job_scarpper_V2/run_scrapers.py", line 201, in _run_step
    fn()
    ~~^^
  File "/Users/tejaszodape/Desktop/Hitandi tech/Job_scarpper_V2/all_scrape.py", line 2661, in main
    count_and_scrape_with_progress(
    ~~~~~~~~~~~~~~~~~~~~~~~~~~~~~~^
        config_file=config_file,
        ^^^^^^^^^^^^^^^^^^^^^^^^
        progress_file=us_progress_file,
        ^^^^^^^^^^^^^^^^^^^^^^^^^^^^^^^
        count_only=count_only,
        ^^^^^^^^^^^^^^^^^^^^^^
    )
    ^
  File "/Users/tejaszodape/Desktop/Hitandi tech/Job_scarpper_V2/all_scrape.py", line 2221, in count_and_scrape_with_progress
    config = json.load(f)
  File "/Library/Frameworks/Python.framework/Versions/3.14/lib/python3.14/json/__init__.py", line 293, in load
    return loads(fp.read(),
        cls=cls, object_hook=object_hook,
        parse_float=parse_float, parse_int=parse_int,
        parse_constant=parse_constant, object_pairs_hook=object_pairs_hook, **kw)
  File "/Library/Frameworks/Python.framework/Versions/3.14/lib/python3.14/json/__init__.py", line 346, in loads
    return _default_decoder.decode(s)
           ~~~~~~~~~~~~~~~~~~~~~~~^^^
  File "/Library/Frameworks/Python.framework/Versions/3.14/lib/python3.14/json/decoder.py", line 345, in decode
    obj, end = self.raw_decode(s, idx=_w(s, 0).end())
               ~~~~~~~~~~~~~~~^^^^^^^^^^^^^^^^^^^^^^^
  File "/Library/Frameworks/Python.framework/Versions/3.14/lib/python3.14/json/decoder.py", line 363, in raw_decode
    raise JSONDecodeError("Expecting value", s, err.value) from None
json.decoder.JSONDecodeError: Expecting value: line 1 column 1 (char 0)

2026-09-23 14:51:20  WARNING   workday_scraper.py — skipped (not importable)
2026-09-23 14:51:20  INFO      =================================================================
2026-09-23 14:51:20  INFO        PIPELINE COMPLETE — Cycle #11  [2026-09-23T14:51:20.173409]
2026-09-23 14:51:20  INFO      =================================================================
2026-09-23 14:51:20  INFO      Next pipeline run at: 2026-09-23 14:51:20 (sleeping 0.00h)
2026-09-23 14:51:20  INFO      =================================================================
2026-09-23 14:51:20  INFO        PIPELINE START — Cycle #12  [2026-09-23T14:51:20.174841]
2026-09-23 14:51:20  INFO      =================================================================
2026-09-23 14:51:20  INFO      [Cycle 12] ── all_scrape.py (US + UK) starting ──
2026-09-23 14:51:20  ERROR     [Cycle 12] all_scrape.py (US + UK) CRASHED after 0s:
Traceback (most recent call last):
  File "/Users/tejaszodape/Desktop/Hitandi tech/Job_scarpper_V2/run_scrapers.py", line 201, in _run_step
    fn()
    ~~^^
  File "/Users/tejaszodape/Desktop/Hitandi tech/Job_scarpper_V2/all_scrape.py", line 2661, in main
    count_and_scrape_with_progress(
    ~~~~~~~~~~~~~~~~~~~~~~~~~~~~~~^
        config_file=config_file,
        ^^^^^^^^^^^^^^^^^^^^^^^^
        progress_file=us_progress_file,
        ^^^^^^^^^^^^^^^^^^^^^^^^^^^^^^^
        count_only=count_only,
        ^^^^^^^^^^^^^^^^^^^^^^
    )
    ^
  File "/Users/tejaszodape/Desktop/Hitandi tech/Job_scarpper_V2/all_scrape.py", line 2221, in count_and_scrape_with_progress
    config = json.load(f)
  File "/Library/Frameworks/Python.framework/Versions/3.14/lib/python3.14/json/__init__.py", line 293, in load
    return loads(fp.read(),
        cls=cls, object_hook=object_hook,
        parse_float=parse_float, parse_int=parse_int,
        parse_constant=parse_constant, object_pairs_hook=object_pairs_hook, **kw)
  File "/Library/Frameworks/Python.framework/Versions/3.14/lib/python3.14/json/__init__.py", line 346, in loads
    return _default_decoder.decode(s)
           ~~~~~~~~~~~~~~~~~~~~~~~^^^
  File "/Library/Frameworks/Python.framework/Versions/3.14/lib/python3.14/json/decoder.py", line 345, in decode
    obj, end = self.raw_decode(s, idx=_w(s, 0).end())
               ~~~~~~~~~~~~~~~^^^^^^^^^^^^^^^^^^^^^^^
  File "/Library/Frameworks/Python.framework/Versions/3.14/lib/python3.14/json/decoder.py", line 363, in raw_decode
    raise JSONDecodeError("Expecting value", s, err.value) from None
json.decoder.JSONDecodeError: Expecting value: line 1 column 1 (char 0)

2026-09-23 14:51:20  WARNING   workday_scraper.py — skipped (not importable)
2026-09-23 14:51:20  INFO      =================================================================
2026-09-23 14:51:20  INFO        PIPELINE COMPLETE — Cycle #12  [2026-09-23T14:51:20.299407]
2026-09-23 14:51:20  INFO      =================================================================
2026-09-23 14:51:20  INFO      Next pipeline run at: 2026-09-23 14:51:20 (sleeping 0.00h)
2026-09-23 14:51:20  INFO      =================================================================
2026-09-23 14:51:20  INFO        PIPELINE START — Cycle #13  [2026-09-23T14:51:20.300899]
2026-09-23 14:51:20  INFO      =================================================================
2026-09-23 14:51:20  INFO      [Cycle 13] ── all_scrape.py (US + UK) starting ──
2026-09-23 14:51:20  ERROR     [Cycle 13] all_scrape.py (US + UK) CRASHED after 0s:
Traceback (most recent call last):
  File "/Users/tejaszodape/Desktop/Hitandi tech/Job_scarpper_V2/run_scrapers.py", line 201, in _run_step
    fn()
    ~~^^
  File "/Users/tejaszodape/Desktop/Hitandi tech/Job_scarpper_V2/all_scrape.py", line 2661, in main
    count_and_scrape_with_progress(
    ~~~~~~~~~~~~~~~~~~~~~~~~~~~~~~^
        config_file=config_file,
        ^^^^^^^^^^^^^^^^^^^^^^^^
        progress_file=us_progress_file,
        ^^^^^^^^^^^^^^^^^^^^^^^^^^^^^^^
        count_only=count_only,
        ^^^^^^^^^^^^^^^^^^^^^^
    )
    ^
  File "/Users/tejaszodape/Desktop/Hitandi tech/Job_scarpper_V2/all_scrape.py", line 2221, in count_and_scrape_with_progress
    config = json.load(f)
  File "/Library/Frameworks/Python.framework/Versions/3.14/lib/python3.14/json/__init__.py", line 293, in load
    return loads(fp.read(),
        cls=cls, object_hook=object_hook,
        parse_float=parse_float, parse_int=parse_int,
        parse_constant=parse_constant, object_pairs_hook=object_pairs_hook, **kw)
  File "/Library/Frameworks/Python.framework/Versions/3.14/lib/python3.14/json/__init__.py", line 346, in loads
    return _default_decoder.decode(s)
           ~~~~~~~~~~~~~~~~~~~~~~~^^^
  File "/Library/Frameworks/Python.framework/Versions/3.14/lib/python3.14/json/decoder.py", line 345, in decode
    obj, end = self.raw_decode(s, idx=_w(s, 0).end())
               ~~~~~~~~~~~~~~~^^^^^^^^^^^^^^^^^^^^^^^
  File "/Library/Frameworks/Python.framework/Versions/3.14/lib/python3.14/json/decoder.py", line 363, in raw_decode
    raise JSONDecodeError("Expecting value", s, err.value) from None
json.decoder.JSONDecodeError: Expecting value: line 1 column 1 (char 0)

2026-09-23 14:51:20  WARNING   workday_scraper.py — skipped (not importable)
2026-09-23 14:51:20  INFO      =================================================================
2026-09-23 14:51:20  INFO        PIPELINE COMPLETE — Cycle #13  [2026-09-23T14:51:20.424181]
2026-09-23 14:51:20  INFO      =================================================================
2026-09-23 14:51:20  INFO      Next pipeline run at: 2026-09-23 14:51:20 (sleeping 0.00h)
2026-09-23 14:51:20  INFO      =================================================================
2026-09-23 14:51:20  INFO        PIPELINE START — Cycle #14  [2026-09-23T14:51:20.425000]
2026-09-23 14:51:20  INFO      =================================================================
2026-09-23 14:51:21  INFO      [Cycle 14] ── all_scrape.py (US + UK) starting ──
2026-09-23 14:51:21  ERROR     [Cycle 14] all_scrape.py (US + UK) CRASHED after 0s:
Traceback (most recent call last):
  File "/Users/tejaszodape/Desktop/Hitandi tech/Job_scarpper_V2/run_scrapers.py", line 201, in _run_step
    fn()
    ~~^^
  File "/Users/tejaszodape/Desktop/Hitandi tech/Job_scarpper_V2/all_scrape.py", line 2661, in main
    count_and_scrape_with_progress(
    ~~~~~~~~~~~~~~~~~~~~~~~~~~~~~~^
        config_file=config_file,
        ^^^^^^^^^^^^^^^^^^^^^^^^
        progress_file=us_progress_file,
        ^^^^^^^^^^^^^^^^^^^^^^^^^^^^^^^
        count_only=count_only,
        ^^^^^^^^^^^^^^^^^^^^^^
    )
    ^
  File "/Users/tejaszodape/Desktop/Hitandi tech/Job_scarpper_V2/all_scrape.py", line 2221, in count_and_scrape_with_progress
    config = json.load(f)
  File "/Library/Frameworks/Python.framework/Versions/3.14/lib/python3.14/json/__init__.py", line 293, in load
    return loads(fp.read(),
        cls=cls, object_hook=object_hook,
        parse_float=parse_float, parse_int=parse_int,
        parse_constant=parse_constant, object_pairs_hook=object_pairs_hook, **kw)
  File "/Library/Frameworks/Python.framework/Versions/3.14/lib/python3.14/json/__init__.py", line 346, in loads
    return _default_decoder.decode(s)
           ~~~~~~~~~~~~~~~~~~~~~~~^^^
  File "/Library/Frameworks/Python.framework/Versions/3.14/lib/python3.14/json/decoder.py", line 345, in decode
    obj, end = self.raw_decode(s, idx=_w(s, 0).end())
               ~~~~~~~~~~~~~~~^^^^^^^^^^^^^^^^^^^^^^^
  File "/Library/Frameworks/Python.framework/Versions/3.14/lib/python3.14/json/decoder.py", line 363, in raw_decode
    raise JSONDecodeError("Expecting value", s, err.value) from None
json.decoder.JSONDecodeError: Expecting value: line 1 column 1 (char 0)

2026-09-23 14:51:21  WARNING   workday_scraper.py — skipped (not importable)
2026-09-23 14:51:21  INFO      =================================================================
2026-09-23 14:51:21  INFO        PIPELINE COMPLETE — Cycle #14  [2026-09-23T14:51:21.014216]
2026-09-23 14:51:21  INFO      =================================================================
2026-09-23 14:51:21  INFO      Next pipeline run at: 2026-09-23 14:51:20 (sleeping 0.00h)
2026-09-23 14:51:21  INFO      =================================================================
2026-09-23 14:51:21  INFO        PIPELINE START — Cycle #15  [2026-09-23T14:51:21.015390]
2026-09-23 14:51:21  INFO      =================================================================
2026-09-23 14:51:21  INFO      [Cycle 15] ── all_scrape.py (US + UK) starting ──
2026-09-23 14:51:21  ERROR     [Cycle 15] all_scrape.py (US + UK) CRASHED after 0s:
Traceback (most recent call last):
  File "/Users/tejaszodape/Desktop/Hitandi tech/Job_scarpper_V2/run_scrapers.py", line 201, in _run_step
    fn()
    ~~^^
  File "/Users/tejaszodape/Desktop/Hitandi tech/Job_scarpper_V2/all_scrape.py", line 2661, in main
    count_and_scrape_with_progress(
    ~~~~~~~~~~~~~~~~~~~~~~~~~~~~~~^
        config_file=config_file,
        ^^^^^^^^^^^^^^^^^^^^^^^^
        progress_file=us_progress_file,
        ^^^^^^^^^^^^^^^^^^^^^^^^^^^^^^^
        count_only=count_only,
        ^^^^^^^^^^^^^^^^^^^^^^
    )
    ^
  File "/Users/tejaszodape/Desktop/Hitandi tech/Job_scarpper_V2/all_scrape.py", line 2221, in count_and_scrape_with_progress
    config = json.load(f)
  File "/Library/Frameworks/Python.framework/Versions/3.14/lib/python3.14/json/__init__.py", line 293, in load
    return loads(fp.read(),
        cls=cls, object_hook=object_hook,
        parse_float=parse_float, parse_int=parse_int,
        parse_constant=parse_constant, object_pairs_hook=object_pairs_hook, **kw)
  File "/Library/Frameworks/Python.framework/Versions/3.14/lib/python3.14/json/__init__.py", line 346, in loads
    return _default_decoder.decode(s)
           ~~~~~~~~~~~~~~~~~~~~~~~^^^
  File "/Library/Frameworks/Python.framework/Versions/3.14/lib/python3.14/json/decoder.py", line 345, in decode
    obj, end = self.raw_decode(s, idx=_w(s, 0).end())
               ~~~~~~~~~~~~~~~^^^^^^^^^^^^^^^^^^^^^^^
  File "/Library/Frameworks/Python.framework/Versions/3.14/lib/python3.14/json/decoder.py", line 363, in raw_decode
    raise JSONDecodeError("Expecting value", s, err.value) from None
json.decoder.JSONDecodeError: Expecting value: line 1 column 1 (char 0)

2026-09-23 14:51:21  WARNING   workday_scraper.py — skipped (not importable)
2026-09-23 14:51:21  INFO      =================================================================
2026-09-23 14:51:21  INFO        PIPELINE COMPLETE — Cycle #15  [2026-09-23T14:51:21.138607]
2026-09-23 14:51:21  INFO      =================================================================
2026-09-23 14:51:21  INFO      Next pipeline run at: 2026-09-23 14:51:21 (sleeping 0.00h)
2026-09-23 14:51:21  INFO      =================================================================
2026-09-23 14:51:21  INFO        PIPELINE START — Cycle #16  [2026-09-23T14:51:21.139757]
2026-09-23 14:51:21  INFO      =================================================================
2026-09-23 14:51:21  INFO      [Cycle 16] ── all_scrape.py (US + UK) starting ──
2026-09-23 14:51:21  ERROR     [Cycle 16] all_scrape.py (US + UK) CRASHED after 0s:
Traceback (most recent call last):
  File "/Users/tejaszodape/Desktop/Hitandi tech/Job_scarpper_V2/run_scrapers.py", line 201, in _run_step
    fn()
    ~~^^
  File "/Users/tejaszodape/Desktop/Hitandi tech/Job_scarpper_V2/all_scrape.py", line 2661, in main
    count_and_scrape_with_progress(
    ~~~~~~~~~~~~~~~~~~~~~~~~~~~~~~^
        config_file=config_file,
        ^^^^^^^^^^^^^^^^^^^^^^^^
        progress_file=us_progress_file,
        ^^^^^^^^^^^^^^^^^^^^^^^^^^^^^^^
        count_only=count_only,
        ^^^^^^^^^^^^^^^^^^^^^^
    )
    ^
  File "/Users/tejaszodape/Desktop/Hitandi tech/Job_scarpper_V2/all_scrape.py", line 2221, in count_and_scrape_with_progress
    config = json.load(f)
  File "/Library/Frameworks/Python.framework/Versions/3.14/lib/python3.14/json/__init__.py", line 293, in load
    return loads(fp.read(),
        cls=cls, object_hook=object_hook,
        parse_float=parse_float, parse_int=parse_int,
        parse_constant=parse_constant, object_pairs_hook=object_pairs_hook, **kw)
  File "/Library/Frameworks/Python.framework/Versions/3.14/lib/python3.14/json/__init__.py", line 346, in loads
    return _default_decoder.decode(s)
           ~~~~~~~~~~~~~~~~~~~~~~~^^^
  File "/Library/Frameworks/Python.framework/Versions/3.14/lib/python3.14/json/decoder.py", line 345, in decode
    obj, end = self.raw_decode(s, idx=_w(s, 0).end())
               ~~~~~~~~~~~~~~~^^^^^^^^^^^^^^^^^^^^^^^
  File "/Library/Frameworks/Python.framework/Versions/3.14/lib/python3.14/json/decoder.py", line 363, in raw_decode
    raise JSONDecodeError("Expecting value", s, err.value) from None
json.decoder.JSONDecodeError: Expecting value: line 1 column 1 (char 0)

2026-09-23 14:51:21  WARNING   workday_scraper.py — skipped (not importable)
2026-09-23 14:51:21  INFO      =================================================================
2026-09-23 14:51:21  INFO        PIPELINE COMPLETE — Cycle #16  [2026-09-23T14:51:21.257062]
2026-09-23 14:51:21  INFO      =================================================================
2026-09-23 14:51:21  INFO      Next pipeline run at: 2026-09-23 14:51:21 (sleeping 0.00h)
2026-09-23 14:51:21  INFO      =================================================================
2026-09-23 14:51:21  INFO        PIPELINE START — Cycle #17  [2026-09-23T14:51:21.258301]
2026-09-23 14:51:21  INFO      =================================================================
2026-09-23 14:51:21  INFO      [Cycle 17] ── all_scrape.py (US + UK) starting ──
2026-09-23 14:51:21  ERROR     [Cycle 17] all_scrape.py (US + UK) CRASHED after 0s:
Traceback (most recent call last):
  File "/Users/tejaszodape/Desktop/Hitandi tech/Job_scarpper_V2/run_scrapers.py", line 201, in _run_step
    fn()
    ~~^^
  File "/Users/tejaszodape/Desktop/Hitandi tech/Job_scarpper_V2/all_scrape.py", line 2661, in main
    count_and_scrape_with_progress(
    ~~~~~~~~~~~~~~~~~~~~~~~~~~~~~~^
        config_file=config_file,
        ^^^^^^^^^^^^^^^^^^^^^^^^
        progress_file=us_progress_file,
        ^^^^^^^^^^^^^^^^^^^^^^^^^^^^^^^
        count_only=count_only,
        ^^^^^^^^^^^^^^^^^^^^^^
    )
    ^
  File "/Users/tejaszodape/Desktop/Hitandi tech/Job_scarpper_V2/all_scrape.py", line 2221, in count_and_scrape_with_progress
    config = json.load(f)
  File "/Library/Frameworks/Python.framework/Versions/3.14/lib/python3.14/json/__init__.py", line 293, in load
    return loads(fp.read(),
        cls=cls, object_hook=object_hook,
        parse_float=parse_float, parse_int=parse_int,
        parse_constant=parse_constant, object_pairs_hook=object_pairs_hook, **kw)
  File "/Library/Frameworks/Python.framework/Versions/3.14/lib/python3.14/json/__init__.py", line 346, in loads
    return _default_decoder.decode(s)
           ~~~~~~~~~~~~~~~~~~~~~~~^^^
  File "/Library/Frameworks/Python.framework/Versions/3.14/lib/python3.14/json/decoder.py", line 345, in decode
    obj, end = self.raw_decode(s, idx=_w(s, 0).end())
               ~~~~~~~~~~~~~~~^^^^^^^^^^^^^^^^^^^^^^^
  File "/Library/Frameworks/Python.framework/Versions/3.14/lib/python3.14/json/decoder.py", line 363, in raw_decode
    raise JSONDecodeError("Expecting value", s, err.value) from None
json.decoder.JSONDecodeError: Expecting value: line 1 column 1 (char 0)

2026-09-23 14:51:21  WARNING   workday_scraper.py — skipped (not importable)
2026-09-23 14:51:21  INFO      =================================================================
2026-09-23 14:51:21  INFO        PIPELINE COMPLETE — Cycle #17  [2026-09-23T14:51:21.380381]
2026-09-23 14:51:21  INFO      =================================================================
2026-09-23 14:51:21  INFO      Next pipeline run at: 2026-09-23 14:51:21 (sleeping 0.00h)
2026-09-23 14:51:21  INFO      =================================================================
2026-09-23 14:51:21  INFO        PIPELINE START — Cycle #18  [2026-09-23T14:51:21.381498]
2026-09-23 14:51:21  INFO      =================================================================
2026-09-23 14:51:21  INFO      [Cycle 18] ── all_scrape.py (US + UK) starting ──
2026-09-23 14:51:21  ERROR     [Cycle 18] all_scrape.py (US + UK) CRASHED after 0s:
Traceback (most recent call last):
  File "/Users/tejaszodape/Desktop/Hitandi tech/Job_scarpper_V2/run_scrapers.py", line 201, in _run_step
    fn()
    ~~^^
  File "/Users/tejaszodape/Desktop/Hitandi tech/Job_scarpper_V2/all_scrape.py", line 2661, in main
    count_and_scrape_with_progress(
    ~~~~~~~~~~~~~~~~~~~~~~~~~~~~~~^
        config_file=config_file,
        ^^^^^^^^^^^^^^^^^^^^^^^^
        progress_file=us_progress_file,
        ^^^^^^^^^^^^^^^^^^^^^^^^^^^^^^^
        count_only=count_only,
        ^^^^^^^^^^^^^^^^^^^^^^
    )
    ^
  File "/Users/tejaszodape/Desktop/Hitandi tech/Job_scarpper_V2/all_scrape.py", line 2221, in count_and_scrape_with_progress
    config = json.load(f)
  File "/Library/Frameworks/Python.framework/Versions/3.14/lib/python3.14/json/__init__.py", line 293, in load
    return loads(fp.read(),
        cls=cls, object_hook=object_hook,
        parse_float=parse_float, parse_int=parse_int,
        parse_constant=parse_constant, object_pairs_hook=object_pairs_hook, **kw)
  File "/Library/Frameworks/Python.framework/Versions/3.14/lib/python3.14/json/__init__.py", line 346, in loads
    return _default_decoder.decode(s)
           ~~~~~~~~~~~~~~~~~~~~~~~^^^
  File "/Library/Frameworks/Python.framework/Versions/3.14/lib/python3.14/json/decoder.py", line 345, in decode
    obj, end = self.raw_decode(s, idx=_w(s, 0).end())
               ~~~~~~~~~~~~~~~^^^^^^^^^^^^^^^^^^^^^^^
  File "/Library/Frameworks/Python.framework/Versions/3.14/lib/python3.14/json/decoder.py", line 363, in raw_decode
    raise JSONDecodeError("Expecting value", s, err.value) from None
json.decoder.JSONDecodeError: Expecting value: line 1 column 1 (char 0)

2026-09-23 14:51:21  WARNING   workday_scraper.py — skipped (not importable)
2026-09-23 14:51:21  INFO      =================================================================
2026-09-23 14:51:21  INFO        PIPELINE COMPLETE — Cycle #18  [2026-09-23T14:51:21.503547]
2026-09-23 14:51:21  INFO      =================================================================
2026-09-23 14:51:21  INFO      Next pipeline run at: 2026-09-23 14:51:21 (sleeping 0.00h)
2026-09-23 14:51:21  INFO      =================================================================
2026-09-23 14:51:21  INFO        PIPELINE START — Cycle #19  [2026-09-23T14:51:21.504707]
2026-09-23 14:51:21  INFO      =================================================================
2026-09-23 14:51:21  INFO      [Cycle 19] ── all_scrape.py (US + UK) starting ──
2026-09-23 14:51:21  ERROR     [Cycle 19] all_scrape.py (US + UK) CRASHED after 0s:
Traceback (most recent call last):
  File "/Users/tejaszodape/Desktop/Hitandi tech/Job_scarpper_V2/run_scrapers.py", line 201, in _run_step
    fn()
    ~~^^
  File "/Users/tejaszodape/Desktop/Hitandi tech/Job_scarpper_V2/all_scrape.py", line 2661, in main
    count_and_scrape_with_progress(
    ~~~~~~~~~~~~~~~~~~~~~~~~~~~~~~^
        config_file=config_file,
        ^^^^^^^^^^^^^^^^^^^^^^^^
        progress_file=us_progress_file,
        ^^^^^^^^^^^^^^^^^^^^^^^^^^^^^^^
        count_only=count_only,
        ^^^^^^^^^^^^^^^^^^^^^^
    )
    ^
  File "/Users/tejaszodape/Desktop/Hitandi tech/Job_scarpper_V2/all_scrape.py", line 2221, in count_and_scrape_with_progress
    config = json.load(f)
  File "/Library/Frameworks/Python.framework/Versions/3.14/lib/python3.14/json/__init__.py", line 293, in load
    return loads(fp.read(),
        cls=cls, object_hook=object_hook,
        parse_float=parse_float, parse_int=parse_int,
        parse_constant=parse_constant, object_pairs_hook=object_pairs_hook, **kw)
  File "/Library/Frameworks/Python.framework/Versions/3.14/lib/python3.14/json/__init__.py", line 346, in loads
    return _default_decoder.decode(s)
           ~~~~~~~~~~~~~~~~~~~~~~~^^^
  File "/Library/Frameworks/Python.framework/Versions/3.14/lib/python3.14/json/decoder.py", line 345, in decode
    obj, end = self.raw_decode(s, idx=_w(s, 0).end())
               ~~~~~~~~~~~~~~~^^^^^^^^^^^^^^^^^^^^^^^
  File "/Library/Frameworks/Python.framework/Versions/3.14/lib/python3.14/json/decoder.py", line 363, in raw_decode
    raise JSONDecodeError("Expecting value", s, err.value) from None
json.decoder.JSONDecodeError: Expecting value: line 1 column 1 (char 0)

2026-09-23 14:51:21  WARNING   workday_scraper.py — skipped (not importable)
2026-09-23 14:51:21  INFO      =================================================================
2026-09-23 14:51:21  INFO        PIPELINE COMPLETE — Cycle #19  [2026-09-23T14:51:21.622006]
2026-09-23 14:51:21  INFO      =================================================================
2026-09-23 14:51:21  INFO      Next pipeline run at: 2026-09-23 14:51:21 (sleeping 0.00h)
2026-09-23 14:51:21  INFO      =================================================================
2026-09-23 14:51:21  INFO        PIPELINE START — Cycle #20  [2026-09-23T14:51:21.623272]
2026-09-23 14:51:21  INFO      =================================================================
2026-09-23 14:51:21  INFO      [Cycle 20] ── all_scrape.py (US + UK) starting ──
2026-09-23 14:51:21  ERROR     [Cycle 20] all_scrape.py (US + UK) CRASHED after 0s:
Traceback (most recent call last):
  File "/Users/tejaszodape/Desktop/Hitandi tech/Job_scarpper_V2/run_scrapers.py", line 201, in _run_step
    fn()
    ~~^^
  File "/Users/tejaszodape/Desktop/Hitandi tech/Job_scarpper_V2/all_scrape.py", line 2661, in main
    count_and_scrape_with_progress(
    ~~~~~~~~~~~~~~~~~~~~~~~~~~~~~~^
        config_file=config_file,
        ^^^^^^^^^^^^^^^^^^^^^^^^
        progress_file=us_progress_file,
        ^^^^^^^^^^^^^^^^^^^^^^^^^^^^^^^
        count_only=count_only,
        ^^^^^^^^^^^^^^^^^^^^^^
    )
    ^
  File "/Users/tejaszodape/Desktop/Hitandi tech/Job_scarpper_V2/all_scrape.py", line 2221, in count_and_scrape_with_progress
    config = json.load(f)
  File "/Library/Frameworks/Python.framework/Versions/3.14/lib/python3.14/json/__init__.py", line 293, in load
    return loads(fp.read(),
        cls=cls, object_hook=object_hook,
        parse_float=parse_float, parse_int=parse_int,
        parse_constant=parse_constant, object_pairs_hook=object_pairs_hook, **kw)
  File "/Library/Frameworks/Python.framework/Versions/3.14/lib/python3.14/json/__init__.py", line 346, in loads
    return _default_decoder.decode(s)
           ~~~~~~~~~~~~~~~~~~~~~~~^^^
  File "/Library/Frameworks/Python.framework/Versions/3.14/lib/python3.14/json/decoder.py", line 345, in decode
    obj, end = self.raw_decode(s, idx=_w(s, 0).end())
               ~~~~~~~~~~~~~~~^^^^^^^^^^^^^^^^^^^^^^^
  File "/Library/Frameworks/Python.framework/Versions/3.14/lib/python3.14/json/decoder.py", line 363, in raw_decode
    raise JSONDecodeError("Expecting value", s, err.value) from None
json.decoder.JSONDecodeError: Expecting value: line 1 column 1 (char 0)

2026-09-23 14:51:21  WARNING   workday_scraper.py — skipped (not importable)
2026-09-23 14:51:21  INFO      =================================================================
2026-09-23 14:51:21  INFO        PIPELINE COMPLETE — Cycle #20  [2026-09-23T14:51:21.742597]
2026-09-23 14:51:21  INFO      =================================================================
2026-09-23 14:51:21  INFO      Next pipeline run at: 2026-09-23 14:51:21 (sleeping 0.00h)
2026-09-23 14:51:21  INFO      =================================================================
2026-09-23 14:51:21  INFO        PIPELINE START — Cycle #21  [2026-09-23T14:51:21.744047]
2026-09-23 14:51:21  INFO      =================================================================
2026-09-23 14:51:21  INFO      [Cycle 21] ── all_scrape.py (US + UK) starting ──
2026-09-23 14:51:21  ERROR     [Cycle 21] all_scrape.py (US + UK) CRASHED after 0s:
Traceback (most recent call last):
  File "/Users/tejaszodape/Desktop/Hitandi tech/Job_scarpper_V2/run_scrapers.py", line 201, in _run_step
    fn()
    ~~^^
  File "/Users/tejaszodape/Desktop/Hitandi tech/Job_scarpper_V2/all_scrape.py", line 2661, in main
    count_and_scrape_with_progress(
    ~~~~~~~~~~~~~~~~~~~~~~~~~~~~~~^
        config_file=config_file,
        ^^^^^^^^^^^^^^^^^^^^^^^^
        progress_file=us_progress_file,
        ^^^^^^^^^^^^^^^^^^^^^^^^^^^^^^^
        count_only=count_only,
        ^^^^^^^^^^^^^^^^^^^^^^
    )
    ^
  File "/Users/tejaszodape/Desktop/Hitandi tech/Job_scarpper_V2/all_scrape.py", line 2221, in count_and_scrape_with_progress
    config = json.load(f)
  File "/Library/Frameworks/Python.framework/Versions/3.14/lib/python3.14/json/__init__.py", line 293, in load
    return loads(fp.read(),
        cls=cls, object_hook=object_hook,
        parse_float=parse_float, parse_int=parse_int,
        parse_constant=parse_constant, object_pairs_hook=object_pairs_hook, **kw)
  File "/Library/Frameworks/Python.framework/Versions/3.14/lib/python3.14/json/__init__.py", line 346, in loads
    return _default_decoder.decode(s)
           ~~~~~~~~~~~~~~~~~~~~~~~^^^
  File "/Library/Frameworks/Python.framework/Versions/3.14/lib/python3.14/json/decoder.py", line 345, in decode
    obj, end = self.raw_decode(s, idx=_w(s, 0).end())
               ~~~~~~~~~~~~~~~^^^^^^^^^^^^^^^^^^^^^^^
  File "/Library/Frameworks/Python.framework/Versions/3.14/lib/python3.14/json/decoder.py", line 363, in raw_decode
    raise JSONDecodeError("Expecting value", s, err.value) from None
json.decoder.JSONDecodeError: Expecting value: line 1 column 1 (char 0)

2026-09-23 14:51:21  WARNING   workday_scraper.py — skipped (not importable)
2026-09-23 14:51:21  INFO      =================================================================
2026-09-23 14:51:21  INFO        PIPELINE COMPLETE — Cycle #21  [2026-09-23T14:51:21.864310]
2026-09-23 14:51:21  INFO      =================================================================
2026-09-23 14:51:21  INFO      Next pipeline run at: 2026-09-23 14:51:21 (sleeping 0.00h)
2026-09-23 14:51:21  INFO      =================================================================
2026-09-23 14:51:21  INFO        PIPELINE START — Cycle #22  [2026-09-23T14:51:21.865574]
2026-09-23 14:51:21  INFO      =================================================================
2026-09-23 14:51:21  INFO      [Cycle 22] ── all_scrape.py (US + UK) starting ──
2026-09-23 14:51:21  ERROR     [Cycle 22] all_scrape.py (US + UK) CRASHED after 0s:
Traceback (most recent call last):
  File "/Users/tejaszodape/Desktop/Hitandi tech/Job_scarpper_V2/run_scrapers.py", line 201, in _run_step
    fn()
    ~~^^
  File "/Users/tejaszodape/Desktop/Hitandi tech/Job_scarpper_V2/all_scrape.py", line 2661, in main
    count_and_scrape_with_progress(
    ~~~~~~~~~~~~~~~~~~~~~~~~~~~~~~^
        config_file=config_file,
        ^^^^^^^^^^^^^^^^^^^^^^^^
        progress_file=us_progress_file,
        ^^^^^^^^^^^^^^^^^^^^^^^^^^^^^^^
        count_only=count_only,
        ^^^^^^^^^^^^^^^^^^^^^^
    )
    ^
  File "/Users/tejaszodape/Desktop/Hitandi tech/Job_scarpper_V2/all_scrape.py", line 2221, in count_and_scrape_with_progress
    config = json.load(f)
  File "/Library/Frameworks/Python.framework/Versions/3.14/lib/python3.14/json/__init__.py", line 293, in load
    return loads(fp.read(),
        cls=cls, object_hook=object_hook,
        parse_float=parse_float, parse_int=parse_int,
        parse_constant=parse_constant, object_pairs_hook=object_pairs_hook, **kw)
  File "/Library/Frameworks/Python.framework/Versions/3.14/lib/python3.14/json/__init__.py", line 346, in loads
    return _default_decoder.decode(s)
           ~~~~~~~~~~~~~~~~~~~~~~~^^^
  File "/Library/Frameworks/Python.framework/Versions/3.14/lib/python3.14/json/decoder.py", line 345, in decode
    obj, end = self.raw_decode(s, idx=_w(s, 0).end())
               ~~~~~~~~~~~~~~~^^^^^^^^^^^^^^^^^^^^^^^
  File "/Library/Frameworks/Python.framework/Versions/3.14/lib/python3.14/json/decoder.py", line 363, in raw_decode
    raise JSONDecodeError("Expecting value", s, err.value) from None
json.decoder.JSONDecodeError: Expecting value: line 1 column 1 (char 0)

2026-09-23 14:51:21  WARNING   workday_scraper.py — skipped (not importable)
2026-09-23 14:51:21  INFO      =================================================================
2026-09-23 14:51:21  INFO        PIPELINE COMPLETE — Cycle #22  [2026-09-23T14:51:21.981903]
2026-09-23 14:51:21  INFO      =================================================================
2026-09-23 14:51:21  INFO      Next pipeline run at: 2026-09-23 14:51:21 (sleeping 0.00h)
2026-09-23 14:51:21  INFO      =================================================================
2026-09-23 14:51:21  INFO        PIPELINE START — Cycle #23  [2026-09-23T14:51:21.982896]
2026-09-23 14:51:21  INFO      =================================================================
2026-09-23 14:51:22  INFO      [Cycle 23] ── all_scrape.py (US + UK) starting ──
2026-09-23 14:51:22  ERROR     [Cycle 23] all_scrape.py (US + UK) CRASHED after 0s:
Traceback (most recent call last):
  File "/Users/tejaszodape/Desktop/Hitandi tech/Job_scarpper_V2/run_scrapers.py", line 201, in _run_step
    fn()
    ~~^^
  File "/Users/tejaszodape/Desktop/Hitandi tech/Job_scarpper_V2/all_scrape.py", line 2661, in main
    count_and_scrape_with_progress(
    ~~~~~~~~~~~~~~~~~~~~~~~~~~~~~~^
        config_file=config_file,
        ^^^^^^^^^^^^^^^^^^^^^^^^
        progress_file=us_progress_file,
        ^^^^^^^^^^^^^^^^^^^^^^^^^^^^^^^
        count_only=count_only,
        ^^^^^^^^^^^^^^^^^^^^^^
    )
    ^
  File "/Users/tejaszodape/Desktop/Hitandi tech/Job_scarpper_V2/all_scrape.py", line 2221, in count_and_scrape_with_progress
    config = json.load(f)
  File "/Library/Frameworks/Python.framework/Versions/3.14/lib/python3.14/json/__init__.py", line 293, in load
    return loads(fp.read(),
        cls=cls, object_hook=object_hook,
        parse_float=parse_float, parse_int=parse_int,
        parse_constant=parse_constant, object_pairs_hook=object_pairs_hook, **kw)
  File "/Library/Frameworks/Python.framework/Versions/3.14/lib/python3.14/json/__init__.py", line 346, in loads
    return _default_decoder.decode(s)
           ~~~~~~~~~~~~~~~~~~~~~~~^^^
  File "/Library/Frameworks/Python.framework/Versions/3.14/lib/python3.14/json/decoder.py", line 345, in decode
    obj, end = self.raw_decode(s, idx=_w(s, 0).end())
               ~~~~~~~~~~~~~~~^^^^^^^^^^^^^^^^^^^^^^^
  File "/Library/Frameworks/Python.framework/Versions/3.14/lib/python3.14/json/decoder.py", line 363, in raw_decode
    raise JSONDecodeError("Expecting value", s, err.value) from None
json.decoder.JSONDecodeError: Expecting value: line 1 column 1 (char 0)

2026-09-23 14:51:22  WARNING   workday_scraper.py — skipped (not importable)
2026-09-23 14:51:22  INFO      =================================================================
2026-09-23 14:51:22  INFO        PIPELINE COMPLETE — Cycle #23  [2026-09-23T14:51:22.102753]
2026-09-23 14:51:22  INFO      =================================================================
2026-09-23 14:51:22  INFO      Next pipeline run at: 2026-09-23 14:51:21 (sleeping 0.00h)
2026-09-23 14:51:22  INFO      =================================================================
2026-09-23 14:51:22  INFO        PIPELINE START — Cycle #24  [2026-09-23T14:51:22.104038]
2026-09-23 14:51:22  INFO      =================================================================
2026-09-23 14:51:22  INFO      [Cycle 24] ── all_scrape.py (US + UK) starting ──
2026-09-23 14:51:22  ERROR     [Cycle 24] all_scrape.py (US + UK) CRASHED after 0s:
Traceback (most recent call last):
  File "/Users/tejaszodape/Desktop/Hitandi tech/Job_scarpper_V2/run_scrapers.py", line 201, in _run_step
    fn()
    ~~^^
  File "/Users/tejaszodape/Desktop/Hitandi tech/Job_scarpper_V2/all_scrape.py", line 2661, in main
    count_and_scrape_with_progress(
    ~~~~~~~~~~~~~~~~~~~~~~~~~~~~~~^
        config_file=config_file,
        ^^^^^^^^^^^^^^^^^^^^^^^^
        progress_file=us_progress_file,
        ^^^^^^^^^^^^^^^^^^^^^^^^^^^^^^^
        count_only=count_only,
        ^^^^^^^^^^^^^^^^^^^^^^
    )
    ^
  File "/Users/tejaszodape/Desktop/Hitandi tech/Job_scarpper_V2/all_scrape.py", line 2221, in count_and_scrape_with_progress
    config = json.load(f)
  File "/Library/Frameworks/Python.framework/Versions/3.14/lib/python3.14/json/__init__.py", line 293, in load
    return loads(fp.read(),
        cls=cls, object_hook=object_hook,
        parse_float=parse_float, parse_int=parse_int,
        parse_constant=parse_constant, object_pairs_hook=object_pairs_hook, **kw)
  File "/Library/Frameworks/Python.framework/Versions/3.14/lib/python3.14/json/__init__.py", line 346, in loads
    return _default_decoder.decode(s)
           ~~~~~~~~~~~~~~~~~~~~~~~^^^
  File "/Library/Frameworks/Python.framework/Versions/3.14/lib/python3.14/json/decoder.py", line 345, in decode
    obj, end = self.raw_decode(s, idx=_w(s, 0).end())
               ~~~~~~~~~~~~~~~^^^^^^^^^^^^^^^^^^^^^^^
  File "/Library/Frameworks/Python.framework/Versions/3.14/lib/python3.14/json/decoder.py", line 363, in raw_decode
    raise JSONDecodeError("Expecting value", s, err.value) from None
json.decoder.JSONDecodeError: Expecting value: line 1 column 1 (char 0)

2026-09-23 14:51:22  WARNING   workday_scraper.py — skipped (not importable)
2026-09-23 14:51:22  INFO      =================================================================
2026-09-23 14:51:22  INFO        PIPELINE COMPLETE — Cycle #24  [2026-09-23T14:51:22.222281]
2026-09-23 14:51:22  INFO      =================================================================
2026-09-23 14:51:22  INFO      Next pipeline run at: 2026-09-23 14:51:22 (sleeping 0.00h)
2026-09-23 14:51:22  INFO      =================================================================
2026-09-23 14:51:22  INFO        PIPELINE START — Cycle #25  [2026-09-23T14:51:22.223350]
2026-09-23 14:51:22  INFO      =================================================================
2026-09-23 14:51:22  INFO      [Cycle 25] ── all_scrape.py (US + UK) starting ──
2026-09-23 14:51:22  ERROR     [Cycle 25] all_scrape.py (US + UK) CRASHED after 0s:
Traceback (most recent call last):
  File "/Users/tejaszodape/Desktop/Hitandi tech/Job_scarpper_V2/run_scrapers.py", line 201, in _run_step
    fn()
    ~~^^
  File "/Users/tejaszodape/Desktop/Hitandi tech/Job_scarpper_V2/all_scrape.py", line 2661, in main
    count_and_scrape_with_progress(
    ~~~~~~~~~~~~~~~~~~~~~~~~~~~~~~^
        config_file=config_file,
        ^^^^^^^^^^^^^^^^^^^^^^^^
        progress_file=us_progress_file,
        ^^^^^^^^^^^^^^^^^^^^^^^^^^^^^^^
        count_only=count_only,
        ^^^^^^^^^^^^^^^^^^^^^^
    )
    ^
  File "/Users/tejaszodape/Desktop/Hitandi tech/Job_scarpper_V2/all_scrape.py", line 2221, in count_and_scrape_with_progress
    config = json.load(f)
  File "/Library/Frameworks/Python.framework/Versions/3.14/lib/python3.14/json/__init__.py", line 293, in load
    return loads(fp.read(),
        cls=cls, object_hook=object_hook,
        parse_float=parse_float, parse_int=parse_int,
        parse_constant=parse_constant, object_pairs_hook=object_pairs_hook, **kw)
  File "/Library/Frameworks/Python.framework/Versions/3.14/lib/python3.14/json/__init__.py", line 346, in loads
    return _default_decoder.decode(s)
           ~~~~~~~~~~~~~~~~~~~~~~~^^^
  File "/Library/Frameworks/Python.framework/Versions/3.14/lib/python3.14/json/decoder.py", line 345, in decode
    obj, end = self.raw_decode(s, idx=_w(s, 0).end())
               ~~~~~~~~~~~~~~~^^^^^^^^^^^^^^^^^^^^^^^
  File "/Library/Frameworks/Python.framework/Versions/3.14/lib/python3.14/json/decoder.py", line 363, in raw_decode
    raise JSONDecodeError("Expecting value", s, err.value) from None
json.decoder.JSONDecodeError: Expecting value: line 1 column 1 (char 0)

2026-09-23 14:51:22  WARNING   workday_scraper.py — skipped (not importable)
2026-09-23 14:51:22  INFO      =================================================================
2026-09-23 14:51:22  INFO        PIPELINE COMPLETE — Cycle #25  [2026-09-23T14:51:22.341388]
2026-09-23 14:51:22  INFO      =================================================================
2026-09-23 14:51:22  INFO      Next pipeline run at: 2026-09-23 14:51:22 (sleeping 0.00h)
2026-09-23 14:51:22  INFO      =================================================================
2026-09-23 14:51:22  INFO        PIPELINE START — Cycle #26  [2026-09-23T14:51:22.342970]
2026-09-23 14:51:22  INFO      =================================================================
2026-09-23 14:51:22  INFO      [Cycle 26] ── all_scrape.py (US + UK) starting ──
2026-09-23 14:51:22  ERROR     [Cycle 26] all_scrape.py (US + UK) CRASHED after 0s:
Traceback (most recent call last):
  File "/Users/tejaszodape/Desktop/Hitandi tech/Job_scarpper_V2/run_scrapers.py", line 201, in _run_step
    fn()
    ~~^^
  File "/Users/tejaszodape/Desktop/Hitandi tech/Job_scarpper_V2/all_scrape.py", line 2661, in main
    count_and_scrape_with_progress(
    ~~~~~~~~~~~~~~~~~~~~~~~~~~~~~~^
        config_file=config_file,
        ^^^^^^^^^^^^^^^^^^^^^^^^
        progress_file=us_progress_file,
        ^^^^^^^^^^^^^^^^^^^^^^^^^^^^^^^
        count_only=count_only,
        ^^^^^^^^^^^^^^^^^^^^^^
    )
    ^
  File "/Users/tejaszodape/Desktop/Hitandi tech/Job_scarpper_V2/all_scrape.py", line 2221, in count_and_scrape_with_progress
    config = json.load(f)
  File "/Library/Frameworks/Python.framework/Versions/3.14/lib/python3.14/json/__init__.py", line 293, in load
    return loads(fp.read(),
        cls=cls, object_hook=object_hook,
        parse_float=parse_float, parse_int=parse_int,
        parse_constant=parse_constant, object_pairs_hook=object_pairs_hook, **kw)
  File "/Library/Frameworks/Python.framework/Versions/3.14/lib/python3.14/json/__init__.py", line 346, in loads
    return _default_decoder.decode(s)
           ~~~~~~~~~~~~~~~~~~~~~~~^^^
  File "/Library/Frameworks/Python.framework/Versions/3.14/lib/python3.14/json/decoder.py", line 345, in decode
    obj, end = self.raw_decode(s, idx=_w(s, 0).end())
               ~~~~~~~~~~~~~~~^^^^^^^^^^^^^^^^^^^^^^^
  File "/Library/Frameworks/Python.framework/Versions/3.14/lib/python3.14/json/decoder.py", line 363, in raw_decode
    raise JSONDecodeError("Expecting value", s, err.value) from None
json.decoder.JSONDecodeError: Expecting value: line 1 column 1 (char 0)

2026-09-23 14:51:22  WARNING   workday_scraper.py — skipped (not importable)
2026-09-23 14:51:22  INFO      =================================================================
2026-09-23 14:51:22  INFO        PIPELINE COMPLETE — Cycle #26  [2026-09-23T14:51:22.690975]
2026-09-23 14:51:22  INFO      =================================================================
2026-09-23 14:51:22  INFO      Next pipeline run at: 2026-09-23 14:51:22 (sleeping 0.00h)
2026-09-23 14:51:22  INFO      =================================================================
2026-09-23 14:51:22  INFO        PIPELINE START — Cycle #27  [2026-09-23T14:51:22.691763]
2026-09-23 14:51:22  INFO      =================================================================
2026-09-23 14:51:23  INFO      [Cycle 27] ── all_scrape.py (US + UK) starting ──
2026-09-23 14:51:23  ERROR     [Cycle 27] all_scrape.py (US + UK) CRASHED after 0s:
Traceback (most recent call last):
  File "/Users/tejaszodape/Desktop/Hitandi tech/Job_scarpper_V2/run_scrapers.py", line 201, in _run_step
    fn()
    ~~^^
  File "/Users/tejaszodape/Desktop/Hitandi tech/Job_scarpper_V2/all_scrape.py", line 2661, in main
    count_and_scrape_with_progress(
    ~~~~~~~~~~~~~~~~~~~~~~~~~~~~~~^
        config_file=config_file,
        ^^^^^^^^^^^^^^^^^^^^^^^^
        progress_file=us_progress_file,
        ^^^^^^^^^^^^^^^^^^^^^^^^^^^^^^^
        count_only=count_only,
        ^^^^^^^^^^^^^^^^^^^^^^
    )
    ^
  File "/Users/tejaszodape/Desktop/Hitandi tech/Job_scarpper_V2/all_scrape.py", line 2221, in count_and_scrape_with_progress
    config = json.load(f)
  File "/Library/Frameworks/Python.framework/Versions/3.14/lib/python3.14/json/__init__.py", line 293, in load
    return loads(fp.read(),
        cls=cls, object_hook=object_hook,
        parse_float=parse_float, parse_int=parse_int,
        parse_constant=parse_constant, object_pairs_hook=object_pairs_hook, **kw)
  File "/Library/Frameworks/Python.framework/Versions/3.14/lib/python3.14/json/__init__.py", line 346, in loads
    return _default_decoder.decode(s)
           ~~~~~~~~~~~~~~~~~~~~~~~^^^
  File "/Library/Frameworks/Python.framework/Versions/3.14/lib/python3.14/json/decoder.py", line 345, in decode
    obj, end = self.raw_decode(s, idx=_w(s, 0).end())
               ~~~~~~~~~~~~~~~^^^^^^^^^^^^^^^^^^^^^^^
  File "/Library/Frameworks/Python.framework/Versions/3.14/lib/python3.14/json/decoder.py", line 363, in raw_decode
    raise JSONDecodeError("Expecting value", s, err.value) from None
json.decoder.JSONDecodeError: Expecting value: line 1 column 1 (char 0)

2026-09-23 14:51:23  WARNING   workday_scraper.py — skipped (not importable)
2026-09-23 14:51:23  INFO      =================================================================
2026-09-23 14:51:23  INFO        PIPELINE COMPLETE — Cycle #27  [2026-09-23T14:51:23.042922]
2026-09-23 14:51:23  INFO      =================================================================
2026-09-23 14:51:23  INFO      Next pipeline run at: 2026-09-23 14:51:22 (sleeping 0.00h)
2026-09-23 14:51:23  INFO      =================================================================
2026-09-23 14:51:23  INFO        PIPELINE START — Cycle #28  [2026-09-23T14:51:23.043948]
2026-09-23 14:51:23  INFO      =================================================================
2026-09-23 14:51:23  INFO      [Cycle 28] ── all_scrape.py (US + UK) starting ──
2026-09-23 14:51:23  ERROR     [Cycle 28] all_scrape.py (US + UK) CRASHED after 0s:
Traceback (most recent call last):
  File "/Users/tejaszodape/Desktop/Hitandi tech/Job_scarpper_V2/run_scrapers.py", line 201, in _run_step
    fn()
    ~~^^
  File "/Users/tejaszodape/Desktop/Hitandi tech/Job_scarpper_V2/all_scrape.py", line 2661, in main
    count_and_scrape_with_progress(
    ~~~~~~~~~~~~~~~~~~~~~~~~~~~~~~^
        config_file=config_file,
        ^^^^^^^^^^^^^^^^^^^^^^^^
        progress_file=us_progress_file,
        ^^^^^^^^^^^^^^^^^^^^^^^^^^^^^^^
        count_only=count_only,
        ^^^^^^^^^^^^^^^^^^^^^^
    )
    ^
  File "/Users/tejaszodape/Desktop/Hitandi tech/Job_scarpper_V2/all_scrape.py", line 2221, in count_and_scrape_with_progress
    config = json.load(f)
  File "/Library/Frameworks/Python.framework/Versions/3.14/lib/python3.14/json/__init__.py", line 293, in load
    return loads(fp.read(),
        cls=cls, object_hook=object_hook,
        parse_float=parse_float, parse_int=parse_int,
        parse_constant=parse_constant, object_pairs_hook=object_pairs_hook, **kw)
  File "/Library/Frameworks/Python.framework/Versions/3.14/lib/python3.14/json/__init__.py", line 346, in loads
    return _default_decoder.decode(s)
           ~~~~~~~~~~~~~~~~~~~~~~~^^^
  File "/Library/Frameworks/Python.framework/Versions/3.14/lib/python3.14/json/decoder.py", line 345, in decode
    obj, end = self.raw_decode(s, idx=_w(s, 0).end())
               ~~~~~~~~~~~~~~~^^^^^^^^^^^^^^^^^^^^^^^
  File "/Library/Frameworks/Python.framework/Versions/3.14/lib/python3.14/json/decoder.py", line 363, in raw_decode
    raise JSONDecodeError("Expecting value", s, err.value) from None
json.decoder.JSONDecodeError: Expecting value: line 1 column 1 (char 0)

2026-09-23 14:51:23  WARNING   workday_scraper.py — skipped (not importable)
2026-09-23 14:51:23  INFO      =================================================================
2026-09-23 14:51:23  INFO        PIPELINE COMPLETE — Cycle #28  [2026-09-23T14:51:23.163091]
2026-09-23 14:51:23  INFO      =================================================================
2026-09-23 14:51:23  INFO      Next pipeline run at: 2026-09-23 14:51:23 (sleeping 0.00h)
2026-09-23 14:51:23  INFO      =================================================================
2026-09-23 14:51:23  INFO        PIPELINE START — Cycle #29  [2026-09-23T14:51:23.163891]
2026-09-23 14:51:23  INFO      =================================================================
2026-09-23 14:51:23  INFO      [Cycle 29] ── all_scrape.py (US + UK) starting ──
2026-09-23 14:51:23  ERROR     [Cycle 29] all_scrape.py (US + UK) CRASHED after 0s:
Traceback (most recent call last):
  File "/Users/tejaszodape/Desktop/Hitandi tech/Job_scarpper_V2/run_scrapers.py", line 201, in _run_step
    fn()
    ~~^^
  File "/Users/tejaszodape/Desktop/Hitandi tech/Job_scarpper_V2/all_scrape.py", line 2661, in main
    count_and_scrape_with_progress(
    ~~~~~~~~~~~~~~~~~~~~~~~~~~~~~~^
        config_file=config_file,
        ^^^^^^^^^^^^^^^^^^^^^^^^
        progress_file=us_progress_file,
        ^^^^^^^^^^^^^^^^^^^^^^^^^^^^^^^
        count_only=count_only,
        ^^^^^^^^^^^^^^^^^^^^^^
    )
    ^
  File "/Users/tejaszodape/Desktop/Hitandi tech/Job_scarpper_V2/all_scrape.py", line 2221, in count_and_scrape_with_progress
    config = json.load(f)
  File "/Library/Frameworks/Python.framework/Versions/3.14/lib/python3.14/json/__init__.py", line 293, in load
    return loads(fp.read(),
        cls=cls, object_hook=object_hook,
        parse_float=parse_float, parse_int=parse_int,
        parse_constant=parse_constant, object_pairs_hook=object_pairs_hook, **kw)
  File "/Library/Frameworks/Python.framework/Versions/3.14/lib/python3.14/json/__init__.py", line 346, in loads
    return _default_decoder.decode(s)
           ~~~~~~~~~~~~~~~~~~~~~~~^^^
  File "/Library/Frameworks/Python.framework/Versions/3.14/lib/python3.14/json/decoder.py", line 345, in decode
    obj, end = self.raw_decode(s, idx=_w(s, 0).end())
               ~~~~~~~~~~~~~~~^^^^^^^^^^^^^^^^^^^^^^^
  File "/Library/Frameworks/Python.framework/Versions/3.14/lib/python3.14/json/decoder.py", line 363, in raw_decode
    raise JSONDecodeError("Expecting value", s, err.value) from None
json.decoder.JSONDecodeError: Expecting value: line 1 column 1 (char 0)

2026-09-23 14:51:23  WARNING   workday_scraper.py — skipped (not importable)
2026-09-23 14:51:23  INFO      =================================================================
2026-09-23 14:51:23  INFO        PIPELINE COMPLETE — Cycle #29  [2026-09-23T14:51:23.279050]
2026-09-23 14:51:23  INFO      =================================================================
2026-09-23 14:51:23  INFO      Next pipeline run at: 2026-09-23 14:51:23 (sleeping 0.00h)
2026-09-23 14:51:23  INFO      =================================================================
2026-09-23 14:51:23  INFO        PIPELINE START — Cycle #30  [2026-09-23T14:51:23.279842]
2026-09-23 14:51:23  INFO      =================================================================
2026-09-23 14:51:23  INFO      [Cycle 30] ── all_scrape.py (US + UK) starting ──
2026-09-23 14:51:23  ERROR     [Cycle 30] all_scrape.py (US + UK) CRASHED after 0s:
Traceback (most recent call last):
  File "/Users/tejaszodape/Desktop/Hitandi tech/Job_scarpper_V2/run_scrapers.py", line 201, in _run_step
    fn()
    ~~^^
  File "/Users/tejaszodape/Desktop/Hitandi tech/Job_scarpper_V2/all_scrape.py", line 2661, in main
    count_and_scrape_with_progress(
    ~~~~~~~~~~~~~~~~~~~~~~~~~~~~~~^
        config_file=config_file,
        ^^^^^^^^^^^^^^^^^^^^^^^^
        progress_file=us_progress_file,
        ^^^^^^^^^^^^^^^^^^^^^^^^^^^^^^^
        count_only=count_only,
        ^^^^^^^^^^^^^^^^^^^^^^
    )
    ^
  File "/Users/tejaszodape/Desktop/Hitandi tech/Job_scarpper_V2/all_scrape.py", line 2221, in count_and_scrape_with_progress
    config = json.load(f)
  File "/Library/Frameworks/Python.framework/Versions/3.14/lib/python3.14/json/__init__.py", line 293, in load
    return loads(fp.read(),
        cls=cls, object_hook=object_hook,
        parse_float=parse_float, parse_int=parse_int,
        parse_constant=parse_constant, object_pairs_hook=object_pairs_hook, **kw)
  File "/Library/Frameworks/Python.framework/Versions/3.14/lib/python3.14/json/__init__.py", line 346, in loads
    return _default_decoder.decode(s)
           ~~~~~~~~~~~~~~~~~~~~~~~^^^
  File "/Library/Frameworks/Python.framework/Versions/3.14/lib/python3.14/json/decoder.py", line 345, in decode
    obj, end = self.raw_decode(s, idx=_w(s, 0).end())
               ~~~~~~~~~~~~~~~^^^^^^^^^^^^^^^^^^^^^^^
  File "/Library/Frameworks/Python.framework/Versions/3.14/lib/python3.14/json/decoder.py", line 363, in raw_decode
    raise JSONDecodeError("Expecting value", s, err.value) from None
json.decoder.JSONDecodeError: Expecting value: line 1 column 1 (char 0)

2026-09-23 14:51:23  WARNING   workday_scraper.py — skipped (not importable)
2026-09-23 14:51:23  INFO      =================================================================
2026-09-23 14:51:23  INFO        PIPELINE COMPLETE — Cycle #30  [2026-09-23T14:51:23.405547]
2026-09-23 14:51:23  INFO      =================================================================
2026-09-23 14:51:23  INFO      Next pipeline run at: 2026-09-23 14:51:23 (sleeping 0.00h)
2026-09-23 14:51:23  INFO      =================================================================
2026-09-23 14:51:23  INFO        PIPELINE START — Cycle #31  [2026-09-23T14:51:23.406277]
2026-09-23 14:51:23  INFO      =================================================================
2026-09-23 14:51:23  INFO      [Cycle 31] ── all_scrape.py (US + UK) starting ──
2026-09-23 14:51:23  ERROR     [Cycle 31] all_scrape.py (US + UK) CRASHED after 0s:
Traceback (most recent call last):
  File "/Users/tejaszodape/Desktop/Hitandi tech/Job_scarpper_V2/run_scrapers.py", line 201, in _run_step
    fn()
    ~~^^
  File "/Users/tejaszodape/Desktop/Hitandi tech/Job_scarpper_V2/all_scrape.py", line 2661, in main
    count_and_scrape_with_progress(
    ~~~~~~~~~~~~~~~~~~~~~~~~~~~~~~^
        config_file=config_file,
        ^^^^^^^^^^^^^^^^^^^^^^^^
        progress_file=us_progress_file,
        ^^^^^^^^^^^^^^^^^^^^^^^^^^^^^^^
        count_only=count_only,
        ^^^^^^^^^^^^^^^^^^^^^^
    )
    ^
  File "/Users/tejaszodape/Desktop/Hitandi tech/Job_scarpper_V2/all_scrape.py", line 2221, in count_and_scrape_with_progress
    config = json.load(f)
  File "/Library/Frameworks/Python.framework/Versions/3.14/lib/python3.14/json/__init__.py", line 293, in load
    return loads(fp.read(),
        cls=cls, object_hook=object_hook,
        parse_float=parse_float, parse_int=parse_int,
        parse_constant=parse_constant, object_pairs_hook=object_pairs_hook, **kw)
  File "/Library/Frameworks/Python.framework/Versions/3.14/lib/python3.14/json/__init__.py", line 346, in loads
    return _default_decoder.decode(s)
           ~~~~~~~~~~~~~~~~~~~~~~~^^^
  File "/Library/Frameworks/Python.framework/Versions/3.14/lib/python3.14/json/decoder.py", line 345, in decode
    obj, end = self.raw_decode(s, idx=_w(s, 0).end())
               ~~~~~~~~~~~~~~~^^^^^^^^^^^^^^^^^^^^^^^
  File "/Library/Frameworks/Python.framework/Versions/3.14/lib/python3.14/json/decoder.py", line 363, in raw_decode
    raise JSONDecodeError("Expecting value", s, err.value) from None
json.decoder.JSONDecodeError: Expecting value: line 1 column 1 (char 0)

2026-09-23 14:51:23  WARNING   workday_scraper.py — skipped (not importable)
2026-09-23 14:51:23  INFO      =================================================================
2026-09-23 14:51:23  INFO        PIPELINE COMPLETE — Cycle #31  [2026-09-23T14:51:23.531377]
2026-09-23 14:51:23  INFO      =================================================================
2026-09-23 14:51:23  INFO      Next pipeline run at: 2026-09-23 14:51:23 (sleeping 0.00h)
2026-09-23 14:51:23  INFO      =================================================================
2026-09-23 14:51:23  INFO        PIPELINE START — Cycle #32  [2026-09-23T14:51:23.532501]
2026-09-23 14:51:23  INFO      =================================================================
2026-09-23 14:51:23  INFO      [Cycle 32] ── all_scrape.py (US + UK) starting ──
2026-09-23 14:51:23  ERROR     [Cycle 32] all_scrape.py (US + UK) CRASHED after 0s:
Traceback (most recent call last):
  File "/Users/tejaszodape/Desktop/Hitandi tech/Job_scarpper_V2/run_scrapers.py", line 201, in _run_step
    fn()
    ~~^^
  File "/Users/tejaszodape/Desktop/Hitandi tech/Job_scarpper_V2/all_scrape.py", line 2661, in main
    count_and_scrape_with_progress(
    ~~~~~~~~~~~~~~~~~~~~~~~~~~~~~~^
        config_file=config_file,
        ^^^^^^^^^^^^^^^^^^^^^^^^
        progress_file=us_progress_file,
        ^^^^^^^^^^^^^^^^^^^^^^^^^^^^^^^
        count_only=count_only,
        ^^^^^^^^^^^^^^^^^^^^^^
    )
    ^
  File "/Users/tejaszodape/Desktop/Hitandi tech/Job_scarpper_V2/all_scrape.py", line 2221, in count_and_scrape_with_progress
    config = json.load(f)
  File "/Library/Frameworks/Python.framework/Versions/3.14/lib/python3.14/json/__init__.py", line 293, in load
    return loads(fp.read(),
        cls=cls, object_hook=object_hook,
        parse_float=parse_float, parse_int=parse_int,
        parse_constant=parse_constant, object_pairs_hook=object_pairs_hook, **kw)
  File "/Library/Frameworks/Python.framework/Versions/3.14/lib/python3.14/json/__init__.py", line 346, in loads
    return _default_decoder.decode(s)
           ~~~~~~~~~~~~~~~~~~~~~~~^^^
  File "/Library/Frameworks/Python.framework/Versions/3.14/lib/python3.14/json/decoder.py", line 345, in decode
    obj, end = self.raw_decode(s, idx=_w(s, 0).end())
               ~~~~~~~~~~~~~~~^^^^^^^^^^^^^^^^^^^^^^^
  File "/Library/Frameworks/Python.framework/Versions/3.14/lib/python3.14/json/decoder.py", line 363, in raw_decode
    raise JSONDecodeError("Expecting value", s, err.value) from None
json.decoder.JSONDecodeError: Expecting value: line 1 column 1 (char 0)

2026-09-23 14:51:23  WARNING   workday_scraper.py — skipped (not importable)
2026-09-23 14:51:23  INFO      =================================================================
2026-09-23 14:51:23  INFO        PIPELINE COMPLETE — Cycle #32  [2026-09-23T14:51:23.651160]
2026-09-23 14:51:23  INFO      =================================================================
2026-09-23 14:51:23  INFO      Next pipeline run at: 2026-09-23 14:51:23 (sleeping 0.00h)
2026-09-23 14:51:23  INFO      =================================================================
2026-09-23 14:51:23  INFO        PIPELINE START — Cycle #33  [2026-09-23T14:51:23.651966]
2026-09-23 14:51:23  INFO      =================================================================
2026-09-23 14:51:23  INFO      [Cycle 33] ── all_scrape.py (US + UK) starting ──
2026-09-23 14:51:23  ERROR     [Cycle 33] all_scrape.py (US + UK) CRASHED after 0s:
Traceback (most recent call last):
  File "/Users/tejaszodape/Desktop/Hitandi tech/Job_scarpper_V2/run_scrapers.py", line 201, in _run_step
    fn()
    ~~^^
  File "/Users/tejaszodape/Desktop/Hitandi tech/Job_scarpper_V2/all_scrape.py", line 2661, in main
    count_and_scrape_with_progress(
    ~~~~~~~~~~~~~~~~~~~~~~~~~~~~~~^
        config_file=config_file,
        ^^^^^^^^^^^^^^^^^^^^^^^^
        progress_file=us_progress_file,
        ^^^^^^^^^^^^^^^^^^^^^^^^^^^^^^^
        count_only=count_only,
        ^^^^^^^^^^^^^^^^^^^^^^
    )
    ^
  File "/Users/tejaszodape/Desktop/Hitandi tech/Job_scarpper_V2/all_scrape.py", line 2221, in count_and_scrape_with_progress
    config = json.load(f)
  File "/Library/Frameworks/Python.framework/Versions/3.14/lib/python3.14/json/__init__.py", line 293, in load
    return loads(fp.read(),
        cls=cls, object_hook=object_hook,
        parse_float=parse_float, parse_int=parse_int,
        parse_constant=parse_constant, object_pairs_hook=object_pairs_hook, **kw)
  File "/Library/Frameworks/Python.framework/Versions/3.14/lib/python3.14/json/__init__.py", line 346, in loads
    return _default_decoder.decode(s)
           ~~~~~~~~~~~~~~~~~~~~~~~^^^
  File "/Library/Frameworks/Python.framework/Versions/3.14/lib/python3.14/json/decoder.py", line 345, in decode
    obj, end = self.raw_decode(s, idx=_w(s, 0).end())
               ~~~~~~~~~~~~~~~^^^^^^^^^^^^^^^^^^^^^^^
  File "/Library/Frameworks/Python.framework/Versions/3.14/lib/python3.14/json/decoder.py", line 363, in raw_decode
    raise JSONDecodeError("Expecting value", s, err.value) from None
json.decoder.JSONDecodeError: Expecting value: line 1 column 1 (char 0)

2026-09-23 14:51:23  WARNING   workday_scraper.py — skipped (not importable)
2026-09-23 14:51:23  INFO      =================================================================
2026-09-23 14:51:23  INFO        PIPELINE COMPLETE — Cycle #33  [2026-09-23T14:51:23.769364]
2026-09-23 14:51:23  INFO      =================================================================
2026-09-23 14:51:23  INFO      Next pipeline run at: 2026-09-23 14:51:23 (sleeping 0.00h)
2026-09-23 14:51:23  INFO      =================================================================
2026-09-23 14:51:23  INFO        PIPELINE START — Cycle #34  [2026-09-23T14:51:23.770435]
2026-09-23 14:51:23  INFO      =================================================================
2026-09-23 14:51:23  INFO      [Cycle 34] ── all_scrape.py (US + UK) starting ──
2026-09-23 14:51:23  ERROR     [Cycle 34] all_scrape.py (US + UK) CRASHED after 0s:
Traceback (most recent call last):
  File "/Users/tejaszodape/Desktop/Hitandi tech/Job_scarpper_V2/run_scrapers.py", line 201, in _run_step
    fn()
    ~~^^
  File "/Users/tejaszodape/Desktop/Hitandi tech/Job_scarpper_V2/all_scrape.py", line 2661, in main
    count_and_scrape_with_progress(
    ~~~~~~~~~~~~~~~~~~~~~~~~~~~~~~^
        config_file=config_file,
        ^^^^^^^^^^^^^^^^^^^^^^^^
        progress_file=us_progress_file,
        ^^^^^^^^^^^^^^^^^^^^^^^^^^^^^^^
        count_only=count_only,
        ^^^^^^^^^^^^^^^^^^^^^^
    )
    ^
  File "/Users/tejaszodape/Desktop/Hitandi tech/Job_scarpper_V2/all_scrape.py", line 2221, in count_and_scrape_with_progress
    config = json.load(f)
  File "/Library/Frameworks/Python.framework/Versions/3.14/lib/python3.14/json/__init__.py", line 293, in load
    return loads(fp.read(),
        cls=cls, object_hook=object_hook,
        parse_float=parse_float, parse_int=parse_int,
        parse_constant=parse_constant, object_pairs_hook=object_pairs_hook, **kw)
  File "/Library/Frameworks/Python.framework/Versions/3.14/lib/python3.14/json/__init__.py", line 346, in loads
    return _default_decoder.decode(s)
           ~~~~~~~~~~~~~~~~~~~~~~~^^^
  File "/Library/Frameworks/Python.framework/Versions/3.14/lib/python3.14/json/decoder.py", line 345, in decode
    obj, end = self.raw_decode(s, idx=_w(s, 0).end())
               ~~~~~~~~~~~~~~~^^^^^^^^^^^^^^^^^^^^^^^
  File "/Library/Frameworks/Python.framework/Versions/3.14/lib/python3.14/json/decoder.py", line 363, in raw_decode
    raise JSONDecodeError("Expecting value", s, err.value) from None
json.decoder.JSONDecodeError: Expecting value: line 1 column 1 (char 0)

2026-09-23 14:51:23  WARNING   workday_scraper.py — skipped (not importable)
2026-09-23 14:51:23  INFO      =================================================================
2026-09-23 14:51:23  INFO        PIPELINE COMPLETE — Cycle #34  [2026-09-23T14:51:23.889025]
2026-09-23 14:51:23  INFO      =================================================================
2026-09-23 14:51:23  INFO      Next pipeline run at: 2026-09-23 14:51:23 (sleeping 0.00h)
2026-09-23 14:51:23  INFO      =================================================================
2026-09-23 14:51:23  INFO        PIPELINE START — Cycle #35  [2026-09-23T14:51:23.890226]
2026-09-23 14:51:23  INFO      =================================================================
2026-09-23 14:51:24  INFO      [Cycle 35] ── all_scrape.py (US + UK) starting ──
2026-09-23 14:51:24  ERROR     [Cycle 35] all_scrape.py (US + UK) CRASHED after 0s:
Traceback (most recent call last):
  File "/Users/tejaszodape/Desktop/Hitandi tech/Job_scarpper_V2/run_scrapers.py", line 201, in _run_step
    fn()
    ~~^^
  File "/Users/tejaszodape/Desktop/Hitandi tech/Job_scarpper_V2/all_scrape.py", line 2661, in main
    count_and_scrape_with_progress(
    ~~~~~~~~~~~~~~~~~~~~~~~~~~~~~~^
        config_file=config_file,
        ^^^^^^^^^^^^^^^^^^^^^^^^
        progress_file=us_progress_file,
        ^^^^^^^^^^^^^^^^^^^^^^^^^^^^^^^
        count_only=count_only,
        ^^^^^^^^^^^^^^^^^^^^^^
    )
    ^
  File "/Users/tejaszodape/Desktop/Hitandi tech/Job_scarpper_V2/all_scrape.py", line 2221, in count_and_scrape_with_progress
    config = json.load(f)
  File "/Library/Frameworks/Python.framework/Versions/3.14/lib/python3.14/json/__init__.py", line 293, in load
    return loads(fp.read(),
        cls=cls, object_hook=object_hook,
        parse_float=parse_float, parse_int=parse_int,
        parse_constant=parse_constant, object_pairs_hook=object_pairs_hook, **kw)
  File "/Library/Frameworks/Python.framework/Versions/3.14/lib/python3.14/json/__init__.py", line 346, in loads
    return _default_decoder.decode(s)
           ~~~~~~~~~~~~~~~~~~~~~~~^^^
  File "/Library/Frameworks/Python.framework/Versions/3.14/lib/python3.14/json/decoder.py", line 345, in decode
    obj, end = self.raw_decode(s, idx=_w(s, 0).end())
               ~~~~~~~~~~~~~~~^^^^^^^^^^^^^^^^^^^^^^^
  File "/Library/Frameworks/Python.framework/Versions/3.14/lib/python3.14/json/decoder.py", line 363, in raw_decode
    raise JSONDecodeError("Expecting value", s, err.value) from None
json.decoder.JSONDecodeError: Expecting value: line 1 column 1 (char 0)

2026-09-23 14:51:24  WARNING   workday_scraper.py — skipped (not importable)
2026-09-23 14:51:24  INFO      =================================================================
2026-09-23 14:51:24  INFO        PIPELINE COMPLETE — Cycle #35  [2026-09-23T14:51:24.013296]
2026-09-23 14:51:24  INFO      =================================================================
2026-09-23 14:51:24  INFO      Next pipeline run at: 2026-09-23 14:51:23 (sleeping 0.00h)
2026-09-23 14:51:24  INFO      =================================================================
2026-09-23 14:51:24  INFO        PIPELINE START — Cycle #36  [2026-09-23T14:51:24.014669]
2026-09-23 14:51:24  INFO      =================================================================
2026-09-23 14:51:24  INFO      [Cycle 36] ── all_scrape.py (US + UK) starting ──
2026-09-23 14:51:24  ERROR     [Cycle 36] all_scrape.py (US + UK) CRASHED after 0s:
Traceback (most recent call last):
  File "/Users/tejaszodape/Desktop/Hitandi tech/Job_scarpper_V2/run_scrapers.py", line 201, in _run_step
    fn()
    ~~^^
  File "/Users/tejaszodape/Desktop/Hitandi tech/Job_scarpper_V2/all_scrape.py", line 2661, in main
    count_and_scrape_with_progress(
    ~~~~~~~~~~~~~~~~~~~~~~~~~~~~~~^
        config_file=config_file,
        ^^^^^^^^^^^^^^^^^^^^^^^^
        progress_file=us_progress_file,
        ^^^^^^^^^^^^^^^^^^^^^^^^^^^^^^^
        count_only=count_only,
        ^^^^^^^^^^^^^^^^^^^^^^
    )
    ^
  File "/Users/tejaszodape/Desktop/Hitandi tech/Job_scarpper_V2/all_scrape.py", line 2221, in count_and_scrape_with_progress
    config = json.load(f)
  File "/Library/Frameworks/Python.framework/Versions/3.14/lib/python3.14/json/__init__.py", line 293, in load
    return loads(fp.read(),
        cls=cls, object_hook=object_hook,
        parse_float=parse_float, parse_int=parse_int,
        parse_constant=parse_constant, object_pairs_hook=object_pairs_hook, **kw)
  File "/Library/Frameworks/Python.framework/Versions/3.14/lib/python3.14/json/__init__.py", line 346, in loads
    return _default_decoder.decode(s)
           ~~~~~~~~~~~~~~~~~~~~~~~^^^
  File "/Library/Frameworks/Python.framework/Versions/3.14/lib/python3.14/json/decoder.py", line 345, in decode
    obj, end = self.raw_decode(s, idx=_w(s, 0).end())
               ~~~~~~~~~~~~~~~^^^^^^^^^^^^^^^^^^^^^^^
  File "/Library/Frameworks/Python.framework/Versions/3.14/lib/python3.14/json/decoder.py", line 363, in raw_decode
    raise JSONDecodeError("Expecting value", s, err.value) from None
json.decoder.JSONDecodeError: Expecting value: line 1 column 1 (char 0)

2026-09-23 14:51:24  WARNING   workday_scraper.py — skipped (not importable)
2026-09-23 14:51:24  INFO      =================================================================
2026-09-23 14:51:24  INFO        PIPELINE COMPLETE — Cycle #36  [2026-09-23T14:51:24.131835]
2026-09-23 14:51:24  INFO      =================================================================
2026-09-23 14:51:24  INFO      Next pipeline run at: 2026-09-23 14:51:24 (sleeping 0.00h)
2026-09-23 14:51:24  INFO      =================================================================
2026-09-23 14:51:24  INFO        PIPELINE START — Cycle #37  [2026-09-23T14:51:24.132895]
2026-09-23 14:51:24  INFO      =================================================================
2026-09-23 14:51:24  INFO      [Cycle 37] ── all_scrape.py (US + UK) starting ──
2026-09-23 14:51:24  ERROR     [Cycle 37] all_scrape.py (US + UK) CRASHED after 0s:
Traceback (most recent call last):
  File "/Users/tejaszodape/Desktop/Hitandi tech/Job_scarpper_V2/run_scrapers.py", line 201, in _run_step
    fn()
    ~~^^
  File "/Users/tejaszodape/Desktop/Hitandi tech/Job_scarpper_V2/all_scrape.py", line 2661, in main
    count_and_scrape_with_progress(
    ~~~~~~~~~~~~~~~~~~~~~~~~~~~~~~^
        config_file=config_file,
        ^^^^^^^^^^^^^^^^^^^^^^^^
        progress_file=us_progress_file,
        ^^^^^^^^^^^^^^^^^^^^^^^^^^^^^^^
        count_only=count_only,
        ^^^^^^^^^^^^^^^^^^^^^^
    )
    ^
  File "/Users/tejaszodape/Desktop/Hitandi tech/Job_scarpper_V2/all_scrape.py", line 2221, in count_and_scrape_with_progress
    config = json.load(f)
  File "/Library/Frameworks/Python.framework/Versions/3.14/lib/python3.14/json/__init__.py", line 293, in load
    return loads(fp.read(),
        cls=cls, object_hook=object_hook,
        parse_float=parse_float, parse_int=parse_int,
        parse_constant=parse_constant, object_pairs_hook=object_pairs_hook, **kw)
  File "/Library/Frameworks/Python.framework/Versions/3.14/lib/python3.14/json/__init__.py", line 346, in loads
    return _default_decoder.decode(s)
           ~~~~~~~~~~~~~~~~~~~~~~~^^^
  File "/Library/Frameworks/Python.framework/Versions/3.14/lib/python3.14/json/decoder.py", line 345, in decode
    obj, end = self.raw_decode(s, idx=_w(s, 0).end())
               ~~~~~~~~~~~~~~~^^^^^^^^^^^^^^^^^^^^^^^
  File "/Library/Frameworks/Python.framework/Versions/3.14/lib/python3.14/json/decoder.py", line 363, in raw_decode
    raise JSONDecodeError("Expecting value", s, err.value) from None
json.decoder.JSONDecodeError: Expecting value: line 1 column 1 (char 0)

2026-09-23 14:51:24  WARNING   workday_scraper.py — skipped (not importable)
2026-09-23 14:51:24  INFO      =================================================================
2026-09-23 14:51:24  INFO        PIPELINE COMPLETE — Cycle #37  [2026-09-23T14:51:24.258646]
2026-09-23 14:51:24  INFO      =================================================================
2026-09-23 14:51:24  INFO      Next pipeline run at: 2026-09-23 14:51:24 (sleeping 0.00h)
2026-09-23 14:51:24  INFO      =================================================================
2026-09-23 14:51:24  INFO        PIPELINE START — Cycle #38  [2026-09-23T14:51:24.259940]
2026-09-23 14:51:24  INFO      =================================================================
2026-09-23 14:51:24  INFO      [Cycle 38] ── all_scrape.py (US + UK) starting ──
2026-09-23 14:51:24  ERROR     [Cycle 38] all_scrape.py (US + UK) CRASHED after 0s:
Traceback (most recent call last):
  File "/Users/tejaszodape/Desktop/Hitandi tech/Job_scarpper_V2/run_scrapers.py", line 201, in _run_step
    fn()
    ~~^^
  File "/Users/tejaszodape/Desktop/Hitandi tech/Job_scarpper_V2/all_scrape.py", line 2661, in main
    count_and_scrape_with_progress(
    ~~~~~~~~~~~~~~~~~~~~~~~~~~~~~~^
        config_file=config_file,
        ^^^^^^^^^^^^^^^^^^^^^^^^
        progress_file=us_progress_file,
        ^^^^^^^^^^^^^^^^^^^^^^^^^^^^^^^
        count_only=count_only,
        ^^^^^^^^^^^^^^^^^^^^^^
    )
    ^
  File "/Users/tejaszodape/Desktop/Hitandi tech/Job_scarpper_V2/all_scrape.py", line 2221, in count_and_scrape_with_progress
    config = json.load(f)
  File "/Library/Frameworks/Python.framework/Versions/3.14/lib/python3.14/json/__init__.py", line 293, in load
    return loads(fp.read(),
        cls=cls, object_hook=object_hook,
        parse_float=parse_float, parse_int=parse_int,
        parse_constant=parse_constant, object_pairs_hook=object_pairs_hook, **kw)
  File "/Library/Frameworks/Python.framework/Versions/3.14/lib/python3.14/json/__init__.py", line 346, in loads
    return _default_decoder.decode(s)
           ~~~~~~~~~~~~~~~~~~~~~~~^^^
  File "/Library/Frameworks/Python.framework/Versions/3.14/lib/python3.14/json/decoder.py", line 345, in decode
    obj, end = self.raw_decode(s, idx=_w(s, 0).end())
               ~~~~~~~~~~~~~~~^^^^^^^^^^^^^^^^^^^^^^^
  File "/Library/Frameworks/Python.framework/Versions/3.14/lib/python3.14/json/decoder.py", line 363, in raw_decode
    raise JSONDecodeError("Expecting value", s, err.value) from None
json.decoder.JSONDecodeError: Expecting value: line 1 column 1 (char 0)

2026-09-23 14:51:24  WARNING   workday_scraper.py — skipped (not importable)
2026-09-23 14:51:24  INFO      =================================================================
2026-09-23 14:51:24  INFO        PIPELINE COMPLETE — Cycle #38  [2026-09-23T14:51:24.380237]
2026-09-23 14:51:24  INFO      =================================================================
2026-09-23 14:51:24  INFO      Next pipeline run at: 2026-09-23 14:51:24 (sleeping 0.00h)
2026-09-23 14:51:24  INFO      =================================================================
2026-09-23 14:51:24  INFO        PIPELINE START — Cycle #39  [2026-09-23T14:51:24.381743]
2026-09-23 14:51:24  INFO      =================================================================
2026-09-23 14:51:24  INFO      [Cycle 39] ── all_scrape.py (US + UK) starting ──
2026-09-23 14:51:24  ERROR     [Cycle 39] all_scrape.py (US + UK) CRASHED after 0s:
Traceback (most recent call last):
  File "/Users/tejaszodape/Desktop/Hitandi tech/Job_scarpper_V2/run_scrapers.py", line 201, in _run_step
    fn()
    ~~^^
  File "/Users/tejaszodape/Desktop/Hitandi tech/Job_scarpper_V2/all_scrape.py", line 2661, in main
    count_and_scrape_with_progress(
    ~~~~~~~~~~~~~~~~~~~~~~~~~~~~~~^
        config_file=config_file,
        ^^^^^^^^^^^^^^^^^^^^^^^^
        progress_file=us_progress_file,
        ^^^^^^^^^^^^^^^^^^^^^^^^^^^^^^^
        count_only=count_only,
        ^^^^^^^^^^^^^^^^^^^^^^
    )
    ^
  File "/Users/tejaszodape/Desktop/Hitandi tech/Job_scarpper_V2/all_scrape.py", line 2221, in count_and_scrape_with_progress
    config = json.load(f)
  File "/Library/Frameworks/Python.framework/Versions/3.14/lib/python3.14/json/__init__.py", line 293, in load
    return loads(fp.read(),
        cls=cls, object_hook=object_hook,
        parse_float=parse_float, parse_int=parse_int,
        parse_constant=parse_constant, object_pairs_hook=object_pairs_hook, **kw)
  File "/Library/Frameworks/Python.framework/Versions/3.14/lib/python3.14/json/__init__.py", line 346, in loads
    return _default_decoder.decode(s)
           ~~~~~~~~~~~~~~~~~~~~~~~^^^
  File "/Library/Frameworks/Python.framework/Versions/3.14/lib/python3.14/json/decoder.py", line 345, in decode
    obj, end = self.raw_decode(s, idx=_w(s, 0).end())
               ~~~~~~~~~~~~~~~^^^^^^^^^^^^^^^^^^^^^^^
  File "/Library/Frameworks/Python.framework/Versions/3.14/lib/python3.14/json/decoder.py", line 363, in raw_decode
    raise JSONDecodeError("Expecting value", s, err.value) from None
json.decoder.JSONDecodeError: Expecting value: line 1 column 1 (char 0)

2026-09-23 14:51:24  WARNING   workday_scraper.py — skipped (not importable)
2026-09-23 14:51:24  INFO      =================================================================
2026-09-23 14:51:24  INFO        PIPELINE COMPLETE — Cycle #39  [2026-09-23T14:51:24.503609]
2026-09-23 14:51:24  INFO      =================================================================
2026-09-23 14:51:24  INFO      Next pipeline run at: 2026-09-23 14:51:24 (sleeping 0.00h)
2026-09-23 14:51:24  INFO      =================================================================
2026-09-23 14:51:24  INFO        PIPELINE START — Cycle #40  [2026-09-23T14:51:24.504892]
2026-09-23 14:51:24  INFO      =================================================================
2026-09-23 14:51:24  INFO      [Cycle 40] ── all_scrape.py (US + UK) starting ──
2026-09-23 14:51:24  ERROR     [Cycle 40] all_scrape.py (US + UK) CRASHED after 0s:
Traceback (most recent call last):
  File "/Users/tejaszodape/Desktop/Hitandi tech/Job_scarpper_V2/run_scrapers.py", line 201, in _run_step
    fn()
    ~~^^
  File "/Users/tejaszodape/Desktop/Hitandi tech/Job_scarpper_V2/all_scrape.py", line 2661, in main
    count_and_scrape_with_progress(
    ~~~~~~~~~~~~~~~~~~~~~~~~~~~~~~^
        config_file=config_file,
        ^^^^^^^^^^^^^^^^^^^^^^^^
        progress_file=us_progress_file,
        ^^^^^^^^^^^^^^^^^^^^^^^^^^^^^^^
        count_only=count_only,
        ^^^^^^^^^^^^^^^^^^^^^^
    )
    ^
  File "/Users/tejaszodape/Desktop/Hitandi tech/Job_scarpper_V2/all_scrape.py", line 2221, in count_and_scrape_with_progress
    config = json.load(f)
  File "/Library/Frameworks/Python.framework/Versions/3.14/lib/python3.14/json/__init__.py", line 293, in load
    return loads(fp.read(),
        cls=cls, object_hook=object_hook,
        parse_float=parse_float, parse_int=parse_int,
        parse_constant=parse_constant, object_pairs_hook=object_pairs_hook, **kw)
  File "/Library/Frameworks/Python.framework/Versions/3.14/lib/python3.14/json/__init__.py", line 346, in loads
    return _default_decoder.decode(s)
           ~~~~~~~~~~~~~~~~~~~~~~~^^^
  File "/Library/Frameworks/Python.framework/Versions/3.14/lib/python3.14/json/decoder.py", line 345, in decode
    obj, end = self.raw_decode(s, idx=_w(s, 0).end())
               ~~~~~~~~~~~~~~~^^^^^^^^^^^^^^^^^^^^^^^
  File "/Library/Frameworks/Python.framework/Versions/3.14/lib/python3.14/json/decoder.py", line 363, in raw_decode
    raise JSONDecodeError("Expecting value", s, err.value) from None
json.decoder.JSONDecodeError: Expecting value: line 1 column 1 (char 0)

2026-09-23 14:51:24  WARNING   workday_scraper.py — skipped (not importable)
2026-09-23 14:51:24  INFO      =================================================================
2026-09-23 14:51:24  INFO        PIPELINE COMPLETE — Cycle #40  [2026-09-23T14:51:24.624340]
2026-09-23 14:51:24  INFO      =================================================================
2026-09-23 14:51:24  INFO      Next pipeline run at: 2026-09-23 14:51:24 (sleeping 0.00h)
2026-09-23 14:51:24  INFO      =================================================================
2026-09-23 14:51:24  INFO        PIPELINE START — Cycle #41  [2026-09-23T14:51:24.625842]
2026-09-23 14:51:24  INFO      =================================================================
2026-09-23 14:51:24  INFO      [Cycle 41] ── all_scrape.py (US + UK) starting ──
2026-09-23 14:51:24  ERROR     [Cycle 41] all_scrape.py (US + UK) CRASHED after 0s:
Traceback (most recent call last):
  File "/Users/tejaszodape/Desktop/Hitandi tech/Job_scarpper_V2/run_scrapers.py", line 201, in _run_step
    fn()
    ~~^^
  File "/Users/tejaszodape/Desktop/Hitandi tech/Job_scarpper_V2/all_scrape.py", line 2661, in main
    count_and_scrape_with_progress(
    ~~~~~~~~~~~~~~~~~~~~~~~~~~~~~~^
        config_file=config_file,
        ^^^^^^^^^^^^^^^^^^^^^^^^
        progress_file=us_progress_file,
        ^^^^^^^^^^^^^^^^^^^^^^^^^^^^^^^
        count_only=count_only,
        ^^^^^^^^^^^^^^^^^^^^^^
    )
    ^
  File "/Users/tejaszodape/Desktop/Hitandi tech/Job_scarpper_V2/all_scrape.py", line 2221, in count_and_scrape_with_progress
    config = json.load(f)
  File "/Library/Frameworks/Python.framework/Versions/3.14/lib/python3.14/json/__init__.py", line 293, in load
    return loads(fp.read(),
        cls=cls, object_hook=object_hook,
        parse_float=parse_float, parse_int=parse_int,
        parse_constant=parse_constant, object_pairs_hook=object_pairs_hook, **kw)
  File "/Library/Frameworks/Python.framework/Versions/3.14/lib/python3.14/json/__init__.py", line 346, in loads
    return _default_decoder.decode(s)
           ~~~~~~~~~~~~~~~~~~~~~~~^^^
  File "/Library/Frameworks/Python.framework/Versions/3.14/lib/python3.14/json/decoder.py", line 345, in decode
    obj, end = self.raw_decode(s, idx=_w(s, 0).end())
               ~~~~~~~~~~~~~~~^^^^^^^^^^^^^^^^^^^^^^^
  File "/Library/Frameworks/Python.framework/Versions/3.14/lib/python3.14/json/decoder.py", line 363, in raw_decode
    raise JSONDecodeError("Expecting value", s, err.value) from None
json.decoder.JSONDecodeError: Expecting value: line 1 column 1 (char 0)

2026-09-23 14:51:24  WARNING   workday_scraper.py — skipped (not importable)
2026-09-23 14:51:24  INFO      =================================================================
2026-09-23 14:51:24  INFO        PIPELINE COMPLETE — Cycle #41  [2026-09-23T14:51:24.751498]
2026-09-23 14:51:24  INFO      =================================================================
2026-09-23 14:51:24  INFO      Next pipeline run at: 2026-09-23 14:51:24 (sleeping 0.00h)
2026-09-23 14:51:24  INFO      =================================================================
2026-09-23 14:51:24  INFO        PIPELINE START — Cycle #42  [2026-09-23T14:51:24.752768]
2026-09-23 14:51:24  INFO      =================================================================
2026-09-23 14:51:24  INFO      [Cycle 42] ── all_scrape.py (US + UK) starting ──
2026-09-23 14:51:24  ERROR     [Cycle 42] all_scrape.py (US + UK) CRASHED after 0s:
Traceback (most recent call last):
  File "/Users/tejaszodape/Desktop/Hitandi tech/Job_scarpper_V2/run_scrapers.py", line 201, in _run_step
    fn()
    ~~^^
  File "/Users/tejaszodape/Desktop/Hitandi tech/Job_scarpper_V2/all_scrape.py", line 2661, in main
    count_and_scrape_with_progress(
    ~~~~~~~~~~~~~~~~~~~~~~~~~~~~~~^
        config_file=config_file,
        ^^^^^^^^^^^^^^^^^^^^^^^^
        progress_file=us_progress_file,
        ^^^^^^^^^^^^^^^^^^^^^^^^^^^^^^^
        count_only=count_only,
        ^^^^^^^^^^^^^^^^^^^^^^
    )
    ^
  File "/Users/tejaszodape/Desktop/Hitandi tech/Job_scarpper_V2/all_scrape.py", line 2221, in count_and_scrape_with_progress
    config = json.load(f)
  File "/Library/Frameworks/Python.framework/Versions/3.14/lib/python3.14/json/__init__.py", line 293, in load
    return loads(fp.read(),
        cls=cls, object_hook=object_hook,
        parse_float=parse_float, parse_int=parse_int,
        parse_constant=parse_constant, object_pairs_hook=object_pairs_hook, **kw)
  File "/Library/Frameworks/Python.framework/Versions/3.14/lib/python3.14/json/__init__.py", line 346, in loads
    return _default_decoder.decode(s)
           ~~~~~~~~~~~~~~~~~~~~~~~^^^
  File "/Library/Frameworks/Python.framework/Versions/3.14/lib/python3.14/json/decoder.py", line 345, in decode
    obj, end = self.raw_decode(s, idx=_w(s, 0).end())
               ~~~~~~~~~~~~~~~^^^^^^^^^^^^^^^^^^^^^^^
  File "/Library/Frameworks/Python.framework/Versions/3.14/lib/python3.14/json/decoder.py", line 363, in raw_decode
    raise JSONDecodeError("Expecting value", s, err.value) from None
json.decoder.JSONDecodeError: Expecting value: line 1 column 1 (char 0)

2026-09-23 14:51:24  WARNING   workday_scraper.py — skipped (not importable)
2026-09-23 14:51:24  INFO      =================================================================
2026-09-23 14:51:24  INFO        PIPELINE COMPLETE — Cycle #42  [2026-09-23T14:51:24.869901]
2026-09-23 14:51:24  INFO      =================================================================
2026-09-23 14:51:24  INFO      Next pipeline run at: 2026-09-23 14:51:24 (sleeping 0.00h)
2026-09-23 14:51:24  INFO      =================================================================
2026-09-23 14:51:24  INFO        PIPELINE START — Cycle #43  [2026-09-23T14:51:24.870934]
2026-09-23 14:51:24  INFO      =================================================================
2026-09-23 14:51:24  INFO      [Cycle 43] ── all_scrape.py (US + UK) starting ──
2026-09-23 14:51:24  ERROR     [Cycle 43] all_scrape.py (US + UK) CRASHED after 0s:
Traceback (most recent call last):
  File "/Users/tejaszodape/Desktop/Hitandi tech/Job_scarpper_V2/run_scrapers.py", line 201, in _run_step
    fn()
    ~~^^
  File "/Users/tejaszodape/Desktop/Hitandi tech/Job_scarpper_V2/all_scrape.py", line 2661, in main
    count_and_scrape_with_progress(
    ~~~~~~~~~~~~~~~~~~~~~~~~~~~~~~^
        config_file=config_file,
        ^^^^^^^^^^^^^^^^^^^^^^^^
        progress_file=us_progress_file,
        ^^^^^^^^^^^^^^^^^^^^^^^^^^^^^^^
        count_only=count_only,
        ^^^^^^^^^^^^^^^^^^^^^^
    )
    ^
  File "/Users/tejaszodape/Desktop/Hitandi tech/Job_scarpper_V2/all_scrape.py", line 2221, in count_and_scrape_with_progress
    config = json.load(f)
  File "/Library/Frameworks/Python.framework/Versions/3.14/lib/python3.14/json/__init__.py", line 293, in load
    return loads(fp.read(),
        cls=cls, object_hook=object_hook,
        parse_float=parse_float, parse_int=parse_int,
        parse_constant=parse_constant, object_pairs_hook=object_pairs_hook, **kw)
  File "/Library/Frameworks/Python.framework/Versions/3.14/lib/python3.14/json/__init__.py", line 346, in loads
    return _default_decoder.decode(s)
           ~~~~~~~~~~~~~~~~~~~~~~~^^^
  File "/Library/Frameworks/Python.framework/Versions/3.14/lib/python3.14/json/decoder.py", line 345, in decode
    obj, end = self.raw_decode(s, idx=_w(s, 0).end())
               ~~~~~~~~~~~~~~~^^^^^^^^^^^^^^^^^^^^^^^
  File "/Library/Frameworks/Python.framework/Versions/3.14/lib/python3.14/json/decoder.py", line 363, in raw_decode
    raise JSONDecodeError("Expecting value", s, err.value) from None
json.decoder.JSONDecodeError: Expecting value: line 1 column 1 (char 0)

2026-09-23 14:51:24  WARNING   workday_scraper.py — skipped (not importable)
2026-09-23 14:51:24  INFO      =================================================================
2026-09-23 14:51:24  INFO        PIPELINE COMPLETE — Cycle #43  [2026-09-23T14:51:24.991165]
2026-09-23 14:51:24  INFO      =================================================================
2026-09-23 14:51:24  INFO      Next pipeline run at: 2026-09-23 14:51:24 (sleeping 0.00h)
2026-09-23 14:51:24  INFO      =================================================================
2026-09-23 14:51:24  INFO        PIPELINE START — Cycle #44  [2026-09-23T14:51:24.992192]
2026-09-23 14:51:24  INFO      =================================================================
2026-09-23 14:51:25  INFO      [Cycle 44] ── all_scrape.py (US + UK) starting ──
2026-09-23 14:51:25  ERROR     [Cycle 44] all_scrape.py (US + UK) CRASHED after 0s:
Traceback (most recent call last):
  File "/Users/tejaszodape/Desktop/Hitandi tech/Job_scarpper_V2/run_scrapers.py", line 201, in _run_step
    fn()
    ~~^^
  File "/Users/tejaszodape/Desktop/Hitandi tech/Job_scarpper_V2/all_scrape.py", line 2661, in main
    count_and_scrape_with_progress(
    ~~~~~~~~~~~~~~~~~~~~~~~~~~~~~~^
        config_file=config_file,
        ^^^^^^^^^^^^^^^^^^^^^^^^
        progress_file=us_progress_file,
        ^^^^^^^^^^^^^^^^^^^^^^^^^^^^^^^
        count_only=count_only,
        ^^^^^^^^^^^^^^^^^^^^^^
    )
    ^
  File "/Users/tejaszodape/Desktop/Hitandi tech/Job_scarpper_V2/all_scrape.py", line 2221, in count_and_scrape_with_progress
    config = json.load(f)
  File "/Library/Frameworks/Python.framework/Versions/3.14/lib/python3.14/json/__init__.py", line 293, in load
    return loads(fp.read(),
        cls=cls, object_hook=object_hook,
        parse_float=parse_float, parse_int=parse_int,
        parse_constant=parse_constant, object_pairs_hook=object_pairs_hook, **kw)
  File "/Library/Frameworks/Python.framework/Versions/3.14/lib/python3.14/json/__init__.py", line 346, in loads
    return _default_decoder.decode(s)
           ~~~~~~~~~~~~~~~~~~~~~~~^^^
  File "/Library/Frameworks/Python.framework/Versions/3.14/lib/python3.14/json/decoder.py", line 345, in decode
    obj, end = self.raw_decode(s, idx=_w(s, 0).end())
               ~~~~~~~~~~~~~~~^^^^^^^^^^^^^^^^^^^^^^^
  File "/Library/Frameworks/Python.framework/Versions/3.14/lib/python3.14/json/decoder.py", line 363, in raw_decode
    raise JSONDecodeError("Expecting value", s, err.value) from None
json.decoder.JSONDecodeError: Expecting value: line 1 column 1 (char 0)

2026-09-23 14:51:25  WARNING   workday_scraper.py — skipped (not importable)
2026-09-23 14:51:25  INFO      =================================================================
2026-09-23 14:51:25  INFO        PIPELINE COMPLETE — Cycle #44  [2026-09-23T14:51:25.115774]
2026-09-23 14:51:25  INFO      =================================================================
2026-09-23 14:51:25  INFO      Next pipeline run at: 2026-09-23 14:51:24 (sleeping 0.00h)
2026-09-23 14:51:25  INFO      =================================================================
2026-09-23 14:51:25  INFO        PIPELINE START — Cycle #45  [2026-09-23T14:51:25.116893]
2026-09-23 14:51:25  INFO      =================================================================
2026-09-23 14:51:25  INFO      [Cycle 45] ── all_scrape.py (US + UK) starting ──
2026-09-23 14:51:25  ERROR     [Cycle 45] all_scrape.py (US + UK) CRASHED after 0s:
Traceback (most recent call last):
  File "/Users/tejaszodape/Desktop/Hitandi tech/Job_scarpper_V2/run_scrapers.py", line 201, in _run_step
    fn()
    ~~^^
  File "/Users/tejaszodape/Desktop/Hitandi tech/Job_scarpper_V2/all_scrape.py", line 2661, in main
    count_and_scrape_with_progress(
    ~~~~~~~~~~~~~~~~~~~~~~~~~~~~~~^
        config_file=config_file,
        ^^^^^^^^^^^^^^^^^^^^^^^^
        progress_file=us_progress_file,
        ^^^^^^^^^^^^^^^^^^^^^^^^^^^^^^^
        count_only=count_only,
        ^^^^^^^^^^^^^^^^^^^^^^
    )
    ^
  File "/Users/tejaszodape/Desktop/Hitandi tech/Job_scarpper_V2/all_scrape.py", line 2221, in count_and_scrape_with_progress
    config = json.load(f)
  File "/Library/Frameworks/Python.framework/Versions/3.14/lib/python3.14/json/__init__.py", line 293, in load
    return loads(fp.read(),
        cls=cls, object_hook=object_hook,
        parse_float=parse_float, parse_int=parse_int,
        parse_constant=parse_constant, object_pairs_hook=object_pairs_hook, **kw)
  File "/Library/Frameworks/Python.framework/Versions/3.14/lib/python3.14/json/__init__.py", line 346, in loads
    return _default_decoder.decode(s)
           ~~~~~~~~~~~~~~~~~~~~~~~^^^
  File "/Library/Frameworks/Python.framework/Versions/3.14/lib/python3.14/json/decoder.py", line 345, in decode
    obj, end = self.raw_decode(s, idx=_w(s, 0).end())
               ~~~~~~~~~~~~~~~^^^^^^^^^^^^^^^^^^^^^^^
  File "/Library/Frameworks/Python.framework/Versions/3.14/lib/python3.14/json/decoder.py", line 363, in raw_decode
    raise JSONDecodeError("Expecting value", s, err.value) from None
json.decoder.JSONDecodeError: Expecting value: line 1 column 1 (char 0)

2026-09-23 14:51:25  WARNING   workday_scraper.py — skipped (not importable)
2026-09-23 14:51:25  INFO      =================================================================
2026-09-23 14:51:25  INFO        PIPELINE COMPLETE — Cycle #45  [2026-09-23T14:51:25.236346]
2026-09-23 14:51:25  INFO      =================================================================
2026-09-23 14:51:25  INFO      Next pipeline run at: 2026-09-23 14:51:25 (sleeping 0.00h)
2026-09-23 14:51:25  INFO      =================================================================
2026-09-23 14:51:25  INFO        PIPELINE START — Cycle #46  [2026-09-23T14:51:25.237452]
2026-09-23 14:51:25  INFO      =================================================================
2026-09-23 14:51:25  INFO      [Cycle 46] ── all_scrape.py (US + UK) starting ──
2026-09-23 14:51:25  ERROR     [Cycle 46] all_scrape.py (US + UK) CRASHED after 0s:
Traceback (most recent call last):
  File "/Users/tejaszodape/Desktop/Hitandi tech/Job_scarpper_V2/run_scrapers.py", line 201, in _run_step
    fn()
    ~~^^
  File "/Users/tejaszodape/Desktop/Hitandi tech/Job_scarpper_V2/all_scrape.py", line 2661, in main
    count_and_scrape_with_progress(
    ~~~~~~~~~~~~~~~~~~~~~~~~~~~~~~^
        config_file=config_file,
        ^^^^^^^^^^^^^^^^^^^^^^^^
        progress_file=us_progress_file,
        ^^^^^^^^^^^^^^^^^^^^^^^^^^^^^^^
        count_only=count_only,
        ^^^^^^^^^^^^^^^^^^^^^^
    )
    ^
  File "/Users/tejaszodape/Desktop/Hitandi tech/Job_scarpper_V2/all_scrape.py", line 2221, in count_and_scrape_with_progress
    config = json.load(f)
  File "/Library/Frameworks/Python.framework/Versions/3.14/lib/python3.14/json/__init__.py", line 293, in load
    return loads(fp.read(),
        cls=cls, object_hook=object_hook,
        parse_float=parse_float, parse_int=parse_int,
        parse_constant=parse_constant, object_pairs_hook=object_pairs_hook, **kw)
  File "/Library/Frameworks/Python.framework/Versions/3.14/lib/python3.14/json/__init__.py", line 346, in loads
    return _default_decoder.decode(s)
           ~~~~~~~~~~~~~~~~~~~~~~~^^^
  File "/Library/Frameworks/Python.framework/Versions/3.14/lib/python3.14/json/decoder.py", line 345, in decode
    obj, end = self.raw_decode(s, idx=_w(s, 0).end())
               ~~~~~~~~~~~~~~~^^^^^^^^^^^^^^^^^^^^^^^
  File "/Library/Frameworks/Python.framework/Versions/3.14/lib/python3.14/json/decoder.py", line 363, in raw_decode
    raise JSONDecodeError("Expecting value", s, err.value) from None
json.decoder.JSONDecodeError: Expecting value: line 1 column 1 (char 0)

2026-09-23 14:51:25  WARNING   workday_scraper.py — skipped (not importable)
2026-09-23 14:51:25  INFO      =================================================================
2026-09-23 14:51:25  INFO        PIPELINE COMPLETE — Cycle #46  [2026-09-23T14:51:25.590147]
2026-09-23 14:51:25  INFO      =================================================================
2026-09-23 14:51:25  INFO      Next pipeline run at: 2026-09-23 14:51:25 (sleeping 0.00h)
2026-09-23 14:51:25  INFO      =================================================================
2026-09-23 14:51:25  INFO        PIPELINE START — Cycle #47  [2026-09-23T14:51:25.591458]
2026-09-23 14:51:25  INFO      =================================================================
2026-09-23 14:51:25  INFO      [Cycle 47] ── all_scrape.py (US + UK) starting ──
2026-09-23 14:51:25  ERROR     [Cycle 47] all_scrape.py (US + UK) CRASHED after 0s:
Traceback (most recent call last):
  File "/Users/tejaszodape/Desktop/Hitandi tech/Job_scarpper_V2/run_scrapers.py", line 201, in _run_step
    fn()
    ~~^^
  File "/Users/tejaszodape/Desktop/Hitandi tech/Job_scarpper_V2/all_scrape.py", line 2661, in main
    count_and_scrape_with_progress(
    ~~~~~~~~~~~~~~~~~~~~~~~~~~~~~~^
        config_file=config_file,
        ^^^^^^^^^^^^^^^^^^^^^^^^
        progress_file=us_progress_file,
        ^^^^^^^^^^^^^^^^^^^^^^^^^^^^^^^
        count_only=count_only,
        ^^^^^^^^^^^^^^^^^^^^^^
    )
    ^
  File "/Users/tejaszodape/Desktop/Hitandi tech/Job_scarpper_V2/all_scrape.py", line 2221, in count_and_scrape_with_progress
    config = json.load(f)
  File "/Library/Frameworks/Python.framework/Versions/3.14/lib/python3.14/json/__init__.py", line 293, in load
    return loads(fp.read(),
        cls=cls, object_hook=object_hook,
        parse_float=parse_float, parse_int=parse_int,
        parse_constant=parse_constant, object_pairs_hook=object_pairs_hook, **kw)
  File "/Library/Frameworks/Python.framework/Versions/3.14/lib/python3.14/json/__init__.py", line 346, in loads
    return _default_decoder.decode(s)
           ~~~~~~~~~~~~~~~~~~~~~~~^^^
  File "/Library/Frameworks/Python.framework/Versions/3.14/lib/python3.14/json/decoder.py", line 345, in decode
    obj, end = self.raw_decode(s, idx=_w(s, 0).end())
               ~~~~~~~~~~~~~~~^^^^^^^^^^^^^^^^^^^^^^^
  File "/Library/Frameworks/Python.framework/Versions/3.14/lib/python3.14/json/decoder.py", line 363, in raw_decode
    raise JSONDecodeError("Expecting value", s, err.value) from None
json.decoder.JSONDecodeError: Expecting value: line 1 column 1 (char 0)

2026-09-23 14:51:25  WARNING   workday_scraper.py — skipped (not importable)
2026-09-23 14:51:25  INFO      =================================================================
2026-09-23 14:51:25  INFO        PIPELINE COMPLETE — Cycle #47  [2026-09-23T14:51:25.711050]
2026-09-23 14:51:25  INFO      =================================================================
2026-09-23 14:51:25  INFO      Next pipeline run at: 2026-09-23 14:51:25 (sleeping 0.00h)
2026-09-23 14:51:25  INFO      =================================================================
2026-09-23 14:51:25  INFO        PIPELINE START — Cycle #48  [2026-09-23T14:51:25.712645]
2026-09-23 14:51:25  INFO      =================================================================
2026-09-23 14:51:25  INFO      [Cycle 48] ── all_scrape.py (US + UK) starting ──
2026-09-23 14:51:25  ERROR     [Cycle 48] all_scrape.py (US + UK) CRASHED after 0s:
Traceback (most recent call last):
  File "/Users/tejaszodape/Desktop/Hitandi tech/Job_scarpper_V2/run_scrapers.py", line 201, in _run_step
    fn()
    ~~^^
  File "/Users/tejaszodape/Desktop/Hitandi tech/Job_scarpper_V2/all_scrape.py", line 2661, in main
    count_and_scrape_with_progress(
    ~~~~~~~~~~~~~~~~~~~~~~~~~~~~~~^
        config_file=config_file,
        ^^^^^^^^^^^^^^^^^^^^^^^^
        progress_file=us_progress_file,
        ^^^^^^^^^^^^^^^^^^^^^^^^^^^^^^^
        count_only=count_only,
        ^^^^^^^^^^^^^^^^^^^^^^
    )
    ^
  File "/Users/tejaszodape/Desktop/Hitandi tech/Job_scarpper_V2/all_scrape.py", line 2221, in count_and_scrape_with_progress
    config = json.load(f)
  File "/Library/Frameworks/Python.framework/Versions/3.14/lib/python3.14/json/__init__.py", line 293, in load
    return loads(fp.read(),
        cls=cls, object_hook=object_hook,
        parse_float=parse_float, parse_int=parse_int,
        parse_constant=parse_constant, object_pairs_hook=object_pairs_hook, **kw)
  File "/Library/Frameworks/Python.framework/Versions/3.14/lib/python3.14/json/__init__.py", line 346, in loads
    return _default_decoder.decode(s)
           ~~~~~~~~~~~~~~~~~~~~~~~^^^
  File "/Library/Frameworks/Python.framework/Versions/3.14/lib/python3.14/json/decoder.py", line 345, in decode
    obj, end = self.raw_decode(s, idx=_w(s, 0).end())
               ~~~~~~~~~~~~~~~^^^^^^^^^^^^^^^^^^^^^^^
  File "/Library/Frameworks/Python.framework/Versions/3.14/lib/python3.14/json/decoder.py", line 363, in raw_decode
    raise JSONDecodeError("Expecting value", s, err.value) from None
json.decoder.JSONDecodeError: Expecting value: line 1 column 1 (char 0)

2026-09-23 14:51:25  WARNING   workday_scraper.py — skipped (not importable)
2026-09-23 14:51:25  INFO      =================================================================
2026-09-23 14:51:25  INFO        PIPELINE COMPLETE — Cycle #48  [2026-09-23T14:51:25.831165]
2026-09-23 14:51:25  INFO      =================================================================
2026-09-23 14:51:25  INFO      Next pipeline run at: 2026-09-23 14:51:25 (sleeping 0.00h)
2026-09-23 14:51:25  INFO      =================================================================
2026-09-23 14:51:25  INFO        PIPELINE START — Cycle #49  [2026-09-23T14:51:25.832386]
2026-09-23 14:51:25  INFO      =================================================================
2026-09-23 14:51:25  INFO      [Cycle 49] ── all_scrape.py (US + UK) starting ──
2026-09-23 14:51:25  ERROR     [Cycle 49] all_scrape.py (US + UK) CRASHED after 0s:
Traceback (most recent call last):
  File "/Users/tejaszodape/Desktop/Hitandi tech/Job_scarpper_V2/run_scrapers.py", line 201, in _run_step
    fn()
    ~~^^
  File "/Users/tejaszodape/Desktop/Hitandi tech/Job_scarpper_V2/all_scrape.py", line 2661, in main
    count_and_scrape_with_progress(
    ~~~~~~~~~~~~~~~~~~~~~~~~~~~~~~^
        config_file=config_file,
        ^^^^^^^^^^^^^^^^^^^^^^^^
        progress_file=us_progress_file,
        ^^^^^^^^^^^^^^^^^^^^^^^^^^^^^^^
        count_only=count_only,
        ^^^^^^^^^^^^^^^^^^^^^^
    )
    ^
  File "/Users/tejaszodape/Desktop/Hitandi tech/Job_scarpper_V2/all_scrape.py", line 2221, in count_and_scrape_with_progress
    config = json.load(f)
  File "/Library/Frameworks/Python.framework/Versions/3.14/lib/python3.14/json/__init__.py", line 293, in load
    return loads(fp.read(),
        cls=cls, object_hook=object_hook,
        parse_float=parse_float, parse_int=parse_int,
        parse_constant=parse_constant, object_pairs_hook=object_pairs_hook, **kw)
  File "/Library/Frameworks/Python.framework/Versions/3.14/lib/python3.14/json/__init__.py", line 346, in loads
    return _default_decoder.decode(s)
           ~~~~~~~~~~~~~~~~~~~~~~~^^^
  File "/Library/Frameworks/Python.framework/Versions/3.14/lib/python3.14/json/decoder.py", line 345, in decode
    obj, end = self.raw_decode(s, idx=_w(s, 0).end())
               ~~~~~~~~~~~~~~~^^^^^^^^^^^^^^^^^^^^^^^
  File "/Library/Frameworks/Python.framework/Versions/3.14/lib/python3.14/json/decoder.py", line 363, in raw_decode
    raise JSONDecodeError("Expecting value", s, err.value) from None
json.decoder.JSONDecodeError: Expecting value: line 1 column 1 (char 0)

2026-09-23 14:51:25  WARNING   workday_scraper.py — skipped (not importable)
2026-09-23 14:51:25  INFO      =================================================================
2026-09-23 14:51:25  INFO        PIPELINE COMPLETE — Cycle #49  [2026-09-23T14:51:25.953466]
2026-09-23 14:51:25  INFO      =================================================================
2026-09-23 14:51:25  INFO      Next pipeline run at: 2026-09-23 14:51:25 (sleeping 0.00h)
2026-09-23 14:51:25  INFO      =================================================================
2026-09-23 14:51:25  INFO        PIPELINE START — Cycle #50  [2026-09-23T14:51:25.954749]
2026-09-23 14:51:25  INFO      =================================================================
2026-09-23 14:51:26  INFO      [Cycle 50] ── all_scrape.py (US + UK) starting ──
2026-09-23 14:51:26  ERROR     [Cycle 50] all_scrape.py (US + UK) CRASHED after 0s:
Traceback (most recent call last):
  File "/Users/tejaszodape/Desktop/Hitandi tech/Job_scarpper_V2/run_scrapers.py", line 201, in _run_step
    fn()
    ~~^^
  File "/Users/tejaszodape/Desktop/Hitandi tech/Job_scarpper_V2/all_scrape.py", line 2661, in main
    count_and_scrape_with_progress(
    ~~~~~~~~~~~~~~~~~~~~~~~~~~~~~~^
        config_file=config_file,
        ^^^^^^^^^^^^^^^^^^^^^^^^
        progress_file=us_progress_file,
        ^^^^^^^^^^^^^^^^^^^^^^^^^^^^^^^
        count_only=count_only,
        ^^^^^^^^^^^^^^^^^^^^^^
    )
    ^
  File "/Users/tejaszodape/Desktop/Hitandi tech/Job_scarpper_V2/all_scrape.py", line 2221, in count_and_scrape_with_progress
    config = json.load(f)
  File "/Library/Frameworks/Python.framework/Versions/3.14/lib/python3.14/json/__init__.py", line 293, in load
    return loads(fp.read(),
        cls=cls, object_hook=object_hook,
        parse_float=parse_float, parse_int=parse_int,
        parse_constant=parse_constant, object_pairs_hook=object_pairs_hook, **kw)
  File "/Library/Frameworks/Python.framework/Versions/3.14/lib/python3.14/json/__init__.py", line 346, in loads
    return _default_decoder.decode(s)
           ~~~~~~~~~~~~~~~~~~~~~~~^^^
  File "/Library/Frameworks/Python.framework/Versions/3.14/lib/python3.14/json/decoder.py", line 345, in decode
    obj, end = self.raw_decode(s, idx=_w(s, 0).end())
               ~~~~~~~~~~~~~~~^^^^^^^^^^^^^^^^^^^^^^^
  File "/Library/Frameworks/Python.framework/Versions/3.14/lib/python3.14/json/decoder.py", line 363, in raw_decode
    raise JSONDecodeError("Expecting value", s, err.value) from None
json.decoder.JSONDecodeError: Expecting value: line 1 column 1 (char 0)

2026-09-23 14:51:26  WARNING   workday_scraper.py — skipped (not importable)
2026-09-23 14:51:26  INFO      =================================================================
2026-09-23 14:51:26  INFO        PIPELINE COMPLETE — Cycle #50  [2026-09-23T14:51:26.075249]
2026-09-23 14:51:26  INFO      =================================================================
2026-09-23 14:51:26  INFO      Next pipeline run at: 2026-09-23 14:51:25 (sleeping 0.00h)
2026-09-23 14:51:26  INFO      =================================================================
2026-09-23 14:51:26  INFO        PIPELINE START — Cycle #51  [2026-09-23T14:51:26.076068]
2026-09-23 14:51:26  INFO      =================================================================
2026-09-23 14:51:26  INFO      [Cycle 51] ── all_scrape.py (US + UK) starting ──
2026-09-23 14:51:26  ERROR     [Cycle 51] all_scrape.py (US + UK) CRASHED after 0s:
Traceback (most recent call last):
  File "/Users/tejaszodape/Desktop/Hitandi tech/Job_scarpper_V2/run_scrapers.py", line 201, in _run_step
    fn()
    ~~^^
  File "/Users/tejaszodape/Desktop/Hitandi tech/Job_scarpper_V2/all_scrape.py", line 2661, in main
    count_and_scrape_with_progress(
    ~~~~~~~~~~~~~~~~~~~~~~~~~~~~~~^
        config_file=config_file,
        ^^^^^^^^^^^^^^^^^^^^^^^^
        progress_file=us_progress_file,
        ^^^^^^^^^^^^^^^^^^^^^^^^^^^^^^^
        count_only=count_only,
        ^^^^^^^^^^^^^^^^^^^^^^
    )
    ^
  File "/Users/tejaszodape/Desktop/Hitandi tech/Job_scarpper_V2/all_scrape.py", line 2221, in count_and_scrape_with_progress
    config = json.load(f)
  File "/Library/Frameworks/Python.framework/Versions/3.14/lib/python3.14/json/__init__.py", line 293, in load
    return loads(fp.read(),
        cls=cls, object_hook=object_hook,
        parse_float=parse_float, parse_int=parse_int,
        parse_constant=parse_constant, object_pairs_hook=object_pairs_hook, **kw)
  File "/Library/Frameworks/Python.framework/Versions/3.14/lib/python3.14/json/__init__.py", line 346, in loads
    return _default_decoder.decode(s)
           ~~~~~~~~~~~~~~~~~~~~~~~^^^
  File "/Library/Frameworks/Python.framework/Versions/3.14/lib/python3.14/json/decoder.py", line 345, in decode
    obj, end = self.raw_decode(s, idx=_w(s, 0).end())
               ~~~~~~~~~~~~~~~^^^^^^^^^^^^^^^^^^^^^^^
  File "/Library/Frameworks/Python.framework/Versions/3.14/lib/python3.14/json/decoder.py", line 363, in raw_decode
    raise JSONDecodeError("Expecting value", s, err.value) from None
json.decoder.JSONDecodeError: Expecting value: line 1 column 1 (char 0)

2026-09-23 14:51:26  WARNING   workday_scraper.py — skipped (not importable)
2026-09-23 14:51:26  INFO      =================================================================
2026-09-23 14:51:26  INFO        PIPELINE COMPLETE — Cycle #51  [2026-09-23T14:51:26.194801]
2026-09-23 14:51:26  INFO      =================================================================
2026-09-23 14:51:26  INFO      Next pipeline run at: 2026-09-23 14:51:26 (sleeping 0.00h)
2026-09-23 14:51:26  INFO      =================================================================
2026-09-23 14:51:26  INFO        PIPELINE START — Cycle #52  [2026-09-23T14:51:26.195877]
2026-09-23 14:51:26  INFO      =================================================================
2026-09-23 14:51:26  INFO      [Cycle 52] ── all_scrape.py (US + UK) starting ──
2026-09-23 14:51:26  ERROR     [Cycle 52] all_scrape.py (US + UK) CRASHED after 0s:
Traceback (most recent call last):
  File "/Users/tejaszodape/Desktop/Hitandi tech/Job_scarpper_V2/run_scrapers.py", line 201, in _run_step
    fn()
    ~~^^
  File "/Users/tejaszodape/Desktop/Hitandi tech/Job_scarpper_V2/all_scrape.py", line 2661, in main
    count_and_scrape_with_progress(
    ~~~~~~~~~~~~~~~~~~~~~~~~~~~~~~^
        config_file=config_file,
        ^^^^^^^^^^^^^^^^^^^^^^^^
        progress_file=us_progress_file,
        ^^^^^^^^^^^^^^^^^^^^^^^^^^^^^^^
        count_only=count_only,
        ^^^^^^^^^^^^^^^^^^^^^^
    )
    ^
  File "/Users/tejaszodape/Desktop/Hitandi tech/Job_scarpper_V2/all_scrape.py", line 2221, in count_and_scrape_with_progress
    config = json.load(f)
  File "/Library/Frameworks/Python.framework/Versions/3.14/lib/python3.14/json/__init__.py", line 293, in load
    return loads(fp.read(),
        cls=cls, object_hook=object_hook,
        parse_float=parse_float, parse_int=parse_int,
        parse_constant=parse_constant, object_pairs_hook=object_pairs_hook, **kw)
  File "/Library/Frameworks/Python.framework/Versions/3.14/lib/python3.14/json/__init__.py", line 346, in loads
    return _default_decoder.decode(s)
           ~~~~~~~~~~~~~~~~~~~~~~~^^^
  File "/Library/Frameworks/Python.framework/Versions/3.14/lib/python3.14/json/decoder.py", line 345, in decode
    obj, end = self.raw_decode(s, idx=_w(s, 0).end())
               ~~~~~~~~~~~~~~~^^^^^^^^^^^^^^^^^^^^^^^
  File "/Library/Frameworks/Python.framework/Versions/3.14/lib/python3.14/json/decoder.py", line 363, in raw_decode
    raise JSONDecodeError("Expecting value", s, err.value) from None
json.decoder.JSONDecodeError: Expecting value: line 1 column 1 (char 0)

2026-09-23 14:51:26  WARNING   workday_scraper.py — skipped (not importable)
2026-09-23 14:51:26  INFO      =================================================================
2026-09-23 14:51:26  INFO        PIPELINE COMPLETE — Cycle #52  [2026-09-23T14:51:26.316181]
2026-09-23 14:51:26  INFO      =================================================================
2026-09-23 14:51:26  INFO      Next pipeline run at: 2026-09-23 14:51:26 (sleeping 0.00h)
2026-09-23 14:51:26  INFO      =================================================================
2026-09-23 14:51:26  INFO        PIPELINE START — Cycle #53  [2026-09-23T14:51:26.317432]
2026-09-23 14:51:26  INFO      =================================================================
2026-09-23 14:51:26  INFO      [Cycle 53] ── all_scrape.py (US + UK) starting ──
2026-09-23 14:51:26  ERROR     [Cycle 53] all_scrape.py (US + UK) CRASHED after 0s:
Traceback (most recent call last):
  File "/Users/tejaszodape/Desktop/Hitandi tech/Job_scarpper_V2/run_scrapers.py", line 201, in _run_step
    fn()
    ~~^^
  File "/Users/tejaszodape/Desktop/Hitandi tech/Job_scarpper_V2/all_scrape.py", line 2661, in main
    count_and_scrape_with_progress(
    ~~~~~~~~~~~~~~~~~~~~~~~~~~~~~~^
        config_file=config_file,
        ^^^^^^^^^^^^^^^^^^^^^^^^
        progress_file=us_progress_file,
        ^^^^^^^^^^^^^^^^^^^^^^^^^^^^^^^
        count_only=count_only,
        ^^^^^^^^^^^^^^^^^^^^^^
    )
    ^
  File "/Users/tejaszodape/Desktop/Hitandi tech/Job_scarpper_V2/all_scrape.py", line 2221, in count_and_scrape_with_progress
    config = json.load(f)
  File "/Library/Frameworks/Python.framework/Versions/3.14/lib/python3.14/json/__init__.py", line 293, in load
    return loads(fp.read(),
        cls=cls, object_hook=object_hook,
        parse_float=parse_float, parse_int=parse_int,
        parse_constant=parse_constant, object_pairs_hook=object_pairs_hook, **kw)
  File "/Library/Frameworks/Python.framework/Versions/3.14/lib/python3.14/json/__init__.py", line 346, in loads
    return _default_decoder.decode(s)
           ~~~~~~~~~~~~~~~~~~~~~~~^^^
  File "/Library/Frameworks/Python.framework/Versions/3.14/lib/python3.14/json/decoder.py", line 345, in decode
    obj, end = self.raw_decode(s, idx=_w(s, 0).end())
               ~~~~~~~~~~~~~~~^^^^^^^^^^^^^^^^^^^^^^^
  File "/Library/Frameworks/Python.framework/Versions/3.14/lib/python3.14/json/decoder.py", line 363, in raw_decode
    raise JSONDecodeError("Expecting value", s, err.value) from None
json.decoder.JSONDecodeError: Expecting value: line 1 column 1 (char 0)

2026-09-23 14:51:26  WARNING   workday_scraper.py — skipped (not importable)
2026-09-23 14:51:26  INFO      =================================================================
2026-09-23 14:51:26  INFO        PIPELINE COMPLETE — Cycle #53  [2026-09-23T14:51:26.435500]
2026-09-23 14:51:26  INFO      =================================================================
2026-09-23 14:51:26  INFO      Next pipeline run at: 2026-09-23 14:51:26 (sleeping 0.00h)
2026-09-23 14:51:26  INFO      =================================================================
2026-09-23 14:51:26  INFO        PIPELINE START — Cycle #54  [2026-09-23T14:51:26.436758]
2026-09-23 14:51:26  INFO      =================================================================
2026-09-23 14:51:26  INFO      [Cycle 54] ── all_scrape.py (US + UK) starting ──
2026-09-23 14:51:26  ERROR     [Cycle 54] all_scrape.py (US + UK) CRASHED after 0s:
Traceback (most recent call last):
  File "/Users/tejaszodape/Desktop/Hitandi tech/Job_scarpper_V2/run_scrapers.py", line 201, in _run_step
    fn()
    ~~^^
  File "/Users/tejaszodape/Desktop/Hitandi tech/Job_scarpper_V2/all_scrape.py", line 2661, in main
    count_and_scrape_with_progress(
    ~~~~~~~~~~~~~~~~~~~~~~~~~~~~~~^
        config_file=config_file,
        ^^^^^^^^^^^^^^^^^^^^^^^^
        progress_file=us_progress_file,
        ^^^^^^^^^^^^^^^^^^^^^^^^^^^^^^^
        count_only=count_only,
        ^^^^^^^^^^^^^^^^^^^^^^
    )
    ^
  File "/Users/tejaszodape/Desktop/Hitandi tech/Job_scarpper_V2/all_scrape.py", line 2221, in count_and_scrape_with_progress
    config = json.load(f)
  File "/Library/Frameworks/Python.framework/Versions/3.14/lib/python3.14/json/__init__.py", line 293, in load
    return loads(fp.read(),
        cls=cls, object_hook=object_hook,
        parse_float=parse_float, parse_int=parse_int,
        parse_constant=parse_constant, object_pairs_hook=object_pairs_hook, **kw)
  File "/Library/Frameworks/Python.framework/Versions/3.14/lib/python3.14/json/__init__.py", line 346, in loads
    return _default_decoder.decode(s)
           ~~~~~~~~~~~~~~~~~~~~~~~^^^
  File "/Library/Frameworks/Python.framework/Versions/3.14/lib/python3.14/json/decoder.py", line 345, in decode
    obj, end = self.raw_decode(s, idx=_w(s, 0).end())
               ~~~~~~~~~~~~~~~^^^^^^^^^^^^^^^^^^^^^^^
  File "/Library/Frameworks/Python.framework/Versions/3.14/lib/python3.14/json/decoder.py", line 363, in raw_decode
    raise JSONDecodeError("Expecting value", s, err.value) from None
json.decoder.JSONDecodeError: Expecting value: line 1 column 1 (char 0)

2026-09-23 14:51:26  WARNING   workday_scraper.py — skipped (not importable)
2026-09-23 14:51:26  INFO      =================================================================
2026-09-23 14:51:26  INFO        PIPELINE COMPLETE — Cycle #54  [2026-09-23T14:51:26.791485]
2026-09-23 14:51:26  INFO      =================================================================
2026-09-23 14:51:26  INFO      Next pipeline run at: 2026-09-23 14:51:26 (sleeping 0.00h)
2026-09-23 14:51:26  INFO      =================================================================
2026-09-23 14:51:26  INFO        PIPELINE START — Cycle #55  [2026-09-23T14:51:26.792919]
2026-09-23 14:51:26  INFO      =================================================================
2026-09-23 14:51:26  INFO      [Cycle 55] ── all_scrape.py (US + UK) starting ──
2026-09-23 14:51:26  ERROR     [Cycle 55] all_scrape.py (US + UK) CRASHED after 0s:
Traceback (most recent call last):
  File "/Users/tejaszodape/Desktop/Hitandi tech/Job_scarpper_V2/run_scrapers.py", line 201, in _run_step
    fn()
    ~~^^
  File "/Users/tejaszodape/Desktop/Hitandi tech/Job_scarpper_V2/all_scrape.py", line 2661, in main
    count_and_scrape_with_progress(
    ~~~~~~~~~~~~~~~~~~~~~~~~~~~~~~^
        config_file=config_file,
        ^^^^^^^^^^^^^^^^^^^^^^^^
        progress_file=us_progress_file,
        ^^^^^^^^^^^^^^^^^^^^^^^^^^^^^^^
        count_only=count_only,
        ^^^^^^^^^^^^^^^^^^^^^^
    )
    ^
  File "/Users/tejaszodape/Desktop/Hitandi tech/Job_scarpper_V2/all_scrape.py", line 2221, in count_and_scrape_with_progress
    config = json.load(f)
  File "/Library/Frameworks/Python.framework/Versions/3.14/lib/python3.14/json/__init__.py", line 293, in load
    return loads(fp.read(),
        cls=cls, object_hook=object_hook,
        parse_float=parse_float, parse_int=parse_int,
        parse_constant=parse_constant, object_pairs_hook=object_pairs_hook, **kw)
  File "/Library/Frameworks/Python.framework/Versions/3.14/lib/python3.14/json/__init__.py", line 346, in loads
    return _default_decoder.decode(s)
           ~~~~~~~~~~~~~~~~~~~~~~~^^^
  File "/Library/Frameworks/Python.framework/Versions/3.14/lib/python3.14/json/decoder.py", line 345, in decode
    obj, end = self.raw_decode(s, idx=_w(s, 0).end())
               ~~~~~~~~~~~~~~~^^^^^^^^^^^^^^^^^^^^^^^
  File "/Library/Frameworks/Python.framework/Versions/3.14/lib/python3.14/json/decoder.py", line 363, in raw_decode
    raise JSONDecodeError("Expecting value", s, err.value) from None
json.decoder.JSONDecodeError: Expecting value: line 1 column 1 (char 0)

2026-09-23 14:51:26  WARNING   workday_scraper.py — skipped (not importable)
2026-09-23 14:51:26  INFO      =================================================================
2026-09-23 14:51:26  INFO        PIPELINE COMPLETE — Cycle #55  [2026-09-23T14:51:26.912423]
2026-09-23 14:51:26  INFO      =================================================================
2026-09-23 14:51:26  INFO      Next pipeline run at: 2026-09-23 14:51:26 (sleeping 0.00h)
2026-09-23 14:51:26  INFO      =================================================================
2026-09-23 14:51:26  INFO        PIPELINE START — Cycle #56  [2026-09-23T14:51:26.914168]
2026-09-23 14:51:26  INFO      =================================================================
2026-09-23 14:51:27  INFO      [Cycle 56] ── all_scrape.py (US + UK) starting ──
2026-09-23 14:51:27  ERROR     [Cycle 56] all_scrape.py (US + UK) CRASHED after 0s:
Traceback (most recent call last):
  File "/Users/tejaszodape/Desktop/Hitandi tech/Job_scarpper_V2/run_scrapers.py", line 201, in _run_step
    fn()
    ~~^^
  File "/Users/tejaszodape/Desktop/Hitandi tech/Job_scarpper_V2/all_scrape.py", line 2661, in main
    count_and_scrape_with_progress(
    ~~~~~~~~~~~~~~~~~~~~~~~~~~~~~~^
        config_file=config_file,
        ^^^^^^^^^^^^^^^^^^^^^^^^
        progress_file=us_progress_file,
        ^^^^^^^^^^^^^^^^^^^^^^^^^^^^^^^
        count_only=count_only,
        ^^^^^^^^^^^^^^^^^^^^^^
    )
    ^
  File "/Users/tejaszodape/Desktop/Hitandi tech/Job_scarpper_V2/all_scrape.py", line 2221, in count_and_scrape_with_progress
    config = json.load(f)
  File "/Library/Frameworks/Python.framework/Versions/3.14/lib/python3.14/json/__init__.py", line 293, in load
    return loads(fp.read(),
        cls=cls, object_hook=object_hook,
        parse_float=parse_float, parse_int=parse_int,
        parse_constant=parse_constant, object_pairs_hook=object_pairs_hook, **kw)
  File "/Library/Frameworks/Python.framework/Versions/3.14/lib/python3.14/json/__init__.py", line 346, in loads
    return _default_decoder.decode(s)
           ~~~~~~~~~~~~~~~~~~~~~~~^^^
  File "/Library/Frameworks/Python.framework/Versions/3.14/lib/python3.14/json/decoder.py", line 345, in decode
    obj, end = self.raw_decode(s, idx=_w(s, 0).end())
               ~~~~~~~~~~~~~~~^^^^^^^^^^^^^^^^^^^^^^^
  File "/Library/Frameworks/Python.framework/Versions/3.14/lib/python3.14/json/decoder.py", line 363, in raw_decode
    raise JSONDecodeError("Expecting value", s, err.value) from None
json.decoder.JSONDecodeError: Expecting value: line 1 column 1 (char 0)

2026-09-23 14:51:27  WARNING   workday_scraper.py — skipped (not importable)
2026-09-23 14:51:27  INFO      =================================================================
2026-09-23 14:51:27  INFO        PIPELINE COMPLETE — Cycle #56  [2026-09-23T14:51:27.043297]
2026-09-23 14:51:27  INFO      =================================================================
2026-09-23 14:51:27  INFO      Next pipeline run at: 2026-09-23 14:51:26 (sleeping 0.00h)
2026-09-23 14:51:27  INFO      =================================================================
2026-09-23 14:51:27  INFO        PIPELINE START — Cycle #57  [2026-09-23T14:51:27.045464]
2026-09-23 14:51:27  INFO      =================================================================
2026-09-23 14:51:27  INFO      [Cycle 57] ── all_scrape.py (US + UK) starting ──
2026-09-23 14:51:27  ERROR     [Cycle 57] all_scrape.py (US + UK) CRASHED after 0s:
Traceback (most recent call last):
  File "/Users/tejaszodape/Desktop/Hitandi tech/Job_scarpper_V2/run_scrapers.py", line 201, in _run_step
    fn()
    ~~^^
  File "/Users/tejaszodape/Desktop/Hitandi tech/Job_scarpper_V2/all_scrape.py", line 2661, in main
    count_and_scrape_with_progress(
    ~~~~~~~~~~~~~~~~~~~~~~~~~~~~~~^
        config_file=config_file,
        ^^^^^^^^^^^^^^^^^^^^^^^^
        progress_file=us_progress_file,
        ^^^^^^^^^^^^^^^^^^^^^^^^^^^^^^^
        count_only=count_only,
        ^^^^^^^^^^^^^^^^^^^^^^
    )
    ^
  File "/Users/tejaszodape/Desktop/Hitandi tech/Job_scarpper_V2/all_scrape.py", line 2221, in count_and_scrape_with_progress
    config = json.load(f)
  File "/Library/Frameworks/Python.framework/Versions/3.14/lib/python3.14/json/__init__.py", line 293, in load
    return loads(fp.read(),
        cls=cls, object_hook=object_hook,
        parse_float=parse_float, parse_int=parse_int,
        parse_constant=parse_constant, object_pairs_hook=object_pairs_hook, **kw)
  File "/Library/Frameworks/Python.framework/Versions/3.14/lib/python3.14/json/__init__.py", line 346, in loads
    return _default_decoder.decode(s)
           ~~~~~~~~~~~~~~~~~~~~~~~^^^
  File "/Library/Frameworks/Python.framework/Versions/3.14/lib/python3.14/json/decoder.py", line 345, in decode
    obj, end = self.raw_decode(s, idx=_w(s, 0).end())
               ~~~~~~~~~~~~~~~^^^^^^^^^^^^^^^^^^^^^^^
  File "/Library/Frameworks/Python.framework/Versions/3.14/lib/python3.14/json/decoder.py", line 363, in raw_decode
    raise JSONDecodeError("Expecting value", s, err.value) from None
json.decoder.JSONDecodeError: Expecting value: line 1 column 1 (char 0)

2026-09-23 14:51:27  WARNING   workday_scraper.py — skipped (not importable)
2026-09-23 14:51:27  INFO      =================================================================
2026-09-23 14:51:27  INFO        PIPELINE COMPLETE — Cycle #57  [2026-09-23T14:51:27.164276]
2026-09-23 14:51:27  INFO      =================================================================
2026-09-23 14:51:27  INFO      Next pipeline run at: 2026-09-23 14:51:27 (sleeping 0.00h)
2026-09-23 14:51:27  INFO      =================================================================
2026-09-23 14:51:27  INFO        PIPELINE START — Cycle #58  [2026-09-23T14:51:27.165627]
2026-09-23 14:51:27  INFO      =================================================================
2026-09-23 14:51:27  WARNING   Signal SIGINT received — finishing current scraper then shutting down.
2026-09-23 14:51:27  INFO      [Cycle 58] ── all_scrape.py (US + UK) starting ──
2026-09-23 14:51:27  ERROR     [Cycle 58] all_scrape.py (US + UK) CRASHED after 0s:
Traceback (most recent call last):
  File "/Users/tejaszodape/Desktop/Hitandi tech/Job_scarpper_V2/run_scrapers.py", line 201, in _run_step
    fn()
    ~~^^
  File "/Users/tejaszodape/Desktop/Hitandi tech/Job_scarpper_V2/all_scrape.py", line 2661, in main
    count_and_scrape_with_progress(
    ~~~~~~~~~~~~~~~~~~~~~~~~~~~~~~^
        config_file=config_file,
        ^^^^^^^^^^^^^^^^^^^^^^^^
        progress_file=us_progress_file,
        ^^^^^^^^^^^^^^^^^^^^^^^^^^^^^^^
        count_only=count_only,
        ^^^^^^^^^^^^^^^^^^^^^^
    )
    ^
  File "/Users/tejaszodape/Desktop/Hitandi tech/Job_scarpper_V2/all_scrape.py", line 2221, in count_and_scrape_with_progress
    config = json.load(f)
  File "/Library/Frameworks/Python.framework/Versions/3.14/lib/python3.14/json/__init__.py", line 293, in load
    return loads(fp.read(),
        cls=cls, object_hook=object_hook,
        parse_float=parse_float, parse_int=parse_int,
        parse_constant=parse_constant, object_pairs_hook=object_pairs_hook, **kw)
  File "/Library/Frameworks/Python.framework/Versions/3.14/lib/python3.14/json/__init__.py", line 346, in loads
    return _default_decoder.decode(s)
           ~~~~~~~~~~~~~~~~~~~~~~~^^^
  File "/Library/Frameworks/Python.framework/Versions/3.14/lib/python3.14/json/decoder.py", line 345, in decode
    obj, end = self.raw_decode(s, idx=_w(s, 0).end())
               ~~~~~~~~~~~~~~~^^^^^^^^^^^^^^^^^^^^^^^
  File "/Library/Frameworks/Python.framework/Versions/3.14/lib/python3.14/json/decoder.py", line 363, in raw_decode
    raise JSONDecodeError("Expecting value", s, err.value) from None
json.decoder.JSONDecodeError: Expecting value: line 1 column 1 (char 0)

2026-09-23 14:51:27  INFO      Shutdown requested — skipping remaining steps.
2026-09-23 14:51:27  INFO      Shutting down — releasing lock file.
2026-09-23 14:51:27  INFO      Goodbye.
2026-09-23 14:52:09  INFO      Job Scraper Deployment Runner started (PID 15303, mode=every 0.0h)
2026-09-23 14:52:09  INFO      Log file: /Users/tejaszodape/Desktop/Hitandi tech/Job_scarpper_V2/scraper.log
2026-09-23 14:52:09  INFO      Lock file: /Users/tejaszodape/Desktop/Hitandi tech/Job_scarpper_V2/.scraper.lock
2026-09-23 14:52:10  INFO      Loaded scrapers: ['check_db', 'all_scrape']
2026-09-23 14:52:10  INFO      =================================================================
2026-09-23 14:52:10  INFO        PIPELINE START — Cycle #1  [2026-09-23T14:52:10.949139]
2026-09-23 14:52:10  INFO      =================================================================
2026-09-23 14:52:11  INFO      [Cycle 1] ── all_scrape.py (US + UK) starting ──
2026-09-23 14:53:57  WARNING   Signal SIGINT received — finishing current scraper then shutting down.
2026-09-23 14:53:58  WARNING   Signal SIGINT received — finishing current scraper then shutting down.
2026-09-23 14:53:58  WARNING   Signal SIGINT received — finishing current scraper then shutting down.
2026-09-23 14:53:58  WARNING   Signal SIGINT received — finishing current scraper then shutting down.
2026-09-23 14:53:58  WARNING   Signal SIGINT received — finishing current scraper then shutting down.
2026-09-23 14:53:58  WARNING   Signal SIGINT received — finishing current scraper then shutting down.
2026-09-23 14:53:59  WARNING   Signal SIGINT received — finishing current scraper then shutting down.
2026-09-23 14:53:59  WARNING   Signal SIGINT received — finishing current scraper then shutting down.
2026-09-23 14:53:59  WARNING   Signal SIGINT received — finishing current scraper then shutting down.
2026-09-23 14:53:59  WARNING   Signal SIGINT received — finishing current scraper then shutting down.
2026-09-23 14:53:59  WARNING   Signal SIGINT received — finishing current scraper then shutting down.
2026-09-23 14:53:59  WARNING   Signal SIGINT received — finishing current scraper then shutting down.
2026-09-23 14:53:59  WARNING   Signal SIGINT received — finishing current scraper then shutting down.
2026-09-23 14:53:59  WARNING   Signal SIGINT received — finishing current scraper then shutting down.
2026-09-23 14:53:59  WARNING   Signal SIGINT received — finishing current scraper then shutting down.
2026-09-23 14:54:00  WARNING   Signal SIGINT received — finishing current scraper then shutting down.
2026-09-23 14:54:00  WARNING   Signal SIGINT received — finishing current scraper then shutting down.
2026-09-23 14:54:00  WARNING   Signal SIGINT received — finishing current scraper then shutting down.
2026-09-23 14:54:00  WARNING   Signal SIGINT received — finishing current scraper then shutting down.
2026-09-23 14:54:00  WARNING   Signal SIGINT received — finishing current scraper then shutting down.
2026-09-23 14:54:00  WARNING   Signal SIGINT received — finishing current scraper then shutting down.
2026-09-23 14:54:00  WARNING   Signal SIGINT received — finishing current scraper then shutting down.
2026-09-23 14:54:00  WARNING   Signal SIGINT received — finishing current scraper then shutting down.
2026-09-23 14:54:00  WARNING   Signal SIGINT received — finishing current scraper then shutting down.
2026-09-23 14:54:00  WARNING   Signal SIGINT received — finishing current scraper then shutting down.
2026-09-23 14:54:00  WARNING   Signal SIGINT received — finishing current scraper then shutting down.
2026-09-23 14:54:00  WARNING   Signal SIGINT received — finishing current scraper then shutting down.
2026-09-23 14:54:01  WARNING   Signal SIGINT received — finishing current scraper then shutting down.
2026-09-23 14:54:01  WARNING   Signal SIGINT received — finishing current scraper then shutting down.
2026-09-23 14:54:01  WARNING   Signal SIGINT received — finishing current scraper then shutting down.
2026-09-23 14:54:01  WARNING   Signal SIGINT received — finishing current scraper then shutting down.
2026-09-23 14:54:01  WARNING   Signal SIGINT received — finishing current scraper then shutting down.
2026-09-23 14:54:01  WARNING   Signal SIGINT received — finishing current scraper then shutting down.
2026-09-23 14:54:01  WARNING   Signal SIGINT received — finishing current scraper then shutting down.
2026-09-23 14:54:01  WARNING   Signal SIGINT received — finishing current scraper then shutting down.
2026-09-23 14:54:01  WARNING   Signal SIGINT received — finishing current scraper then shutting down.
2026-09-23 14:54:01  WARNING   Signal SIGINT received — finishing current scraper then shutting down.
2026-09-23 14:54:01  WARNING   Signal SIGINT received — finishing current scraper then shutting down.
2026-09-23 14:54:01  WARNING   Signal SIGINT received — finishing current scraper then shutting down.
2026-09-23 14:54:02  WARNING   Signal SIGINT received — finishing current scraper then shutting down.
2026-09-23 14:54:02  WARNING   Signal SIGINT received — finishing current scraper then shutting down.
2026-09-23 14:54:02  WARNING   Signal SIGINT received — finishing current scraper then shutting down.
2026-09-23 14:54:02  WARNING   Signal SIGINT received — finishing current scraper then shutting down.
2026-09-23 14:54:02  WARNING   Signal SIGINT received — finishing current scraper then shutting down.
2026-09-23 14:54:02  WARNING   Signal SIGINT received — finishing current scraper then shutting down.
2026-09-23 14:54:02  WARNING   Signal SIGINT received — finishing current scraper then shutting down.
2026-09-23 14:54:02  WARNING   Signal SIGINT received — finishing current scraper then shutting down.
2026-09-23 14:54:02  WARNING   Signal SIGINT received — finishing current scraper then shutting down.
2026-09-23 14:54:02  WARNING   Signal SIGINT received — finishing current scraper then shutting down.
2026-09-23 14:54:02  WARNING   Signal SIGINT received — finishing current scraper then shutting down.
2026-09-23 14:54:02  WARNING   Signal SIGINT received — finishing current scraper then shutting down.
2026-09-23 14:54:03  WARNING   Signal SIGINT received — finishing current scraper then shutting down.
2026-09-23 14:54:03  WARNING   Signal SIGINT received — finishing current scraper then shutting down.
2026-09-23 14:54:03  WARNING   Signal SIGINT received — finishing current scraper then shutting down.
2026-09-23 14:54:03  WARNING   Signal SIGINT received — finishing current scraper then shutting down.
2026-09-23 14:54:03  WARNING   Signal SIGINT received — finishing current scraper then shutting down.
2026-09-23 14:54:03  WARNING   Signal SIGINT received — finishing current scraper then shutting down.
2026-09-23 14:54:04  WARNING   Signal SIGINT received — finishing current scraper then shutting down.
2026-09-23 14:55:25  INFO      Job Scraper Deployment Runner started (PID 16176, mode=every 0.0h)
2026-09-23 14:55:25  INFO      Log file: /Users/tejaszodape/Desktop/Hitandi tech/Job_scarpper_V2/scraper.log
2026-09-23 14:55:25  INFO      Lock file: /Users/tejaszodape/Desktop/Hitandi tech/Job_scarpper_V2/.scraper.lock
2026-09-23 14:55:27  INFO      Loaded scrapers: ['check_db', 'all_scrape']
2026-09-23 14:55:27  INFO      =================================================================
2026-09-23 14:55:27  INFO        PIPELINE START — Cycle #1  [2026-09-23T14:55:27.866939]
2026-09-23 14:55:27  INFO      =================================================================
2026-09-23 14:55:27  INFO      [Cycle 1] ── all_scrape.py (US + UK) starting ──
2026-09-23 15:01:02  INFO      Job Scraper Deployment Runner started (PID 17150, mode=every 0.0h)
2026-09-23 15:01:02  INFO      Log file: /Users/tejaszodape/Desktop/Hitandi tech/Job_scarpper_V2/scraper.log
2026-09-23 15:01:02  INFO      Lock file: /Users/tejaszodape/Desktop/Hitandi tech/Job_scarpper_V2/.scraper.lock
2026-09-23 15:01:06  INFO      Loaded scrapers: ['check_db', 'all_scrape']
2026-09-23 15:01:06  INFO      =================================================================
2026-09-23 15:01:06  INFO        PIPELINE START — Cycle #1  [2026-09-23T15:01:06.498255]
2026-09-23 15:01:06  INFO      =================================================================
2026-09-23 15:01:06  INFO      [Cycle 1] ── all_scrape.py (US + UK) starting ──
2026-09-23 15:04:11  WARNING   Signal SIGINT received — finishing current scraper then shutting down.
2026-09-23 15:04:11  WARNING   Signal SIGINT received — finishing current scraper then shutting down.
2026-09-23 15:04:11  WARNING   Signal SIGINT received — finishing current scraper then shutting down.
2026-09-23 15:04:11  WARNING   Signal SIGINT received — finishing current scraper then shutting down.
2026-09-23 15:04:11  WARNING   Signal SIGINT received — finishing current scraper then shutting down.
2026-09-23 15:04:12  WARNING   Signal SIGINT received — finishing current scraper then shutting down.
2026-09-23 15:06:16  INFO      Job Scraper Deployment Runner started (PID 18262, mode=every 0.0h)
2026-09-23 15:06:16  INFO      Log file: /Users/tejaszodape/Desktop/Hitandi tech/Job_scarpper_V2/scraper.log
2026-09-23 15:06:16  INFO      Lock file: /Users/tejaszodape/Desktop/Hitandi tech/Job_scarpper_V2/.scraper.lock
2026-09-23 15:06:17  INFO      Loaded scrapers: ['check_db', 'all_scrape']
2026-09-23 15:06:17  INFO      =================================================================
2026-09-23 15:06:17  INFO        PIPELINE START — Cycle #1  [2026-09-23T15:06:17.600137]
2026-09-23 15:06:17  INFO      =================================================================
2026-09-23 15:06:17  INFO      [Cycle 1] ── all_scrape.py (US + UK) starting ──
2026-09-23 15:51:42  WARNING   Signal SIGINT received — finishing current scraper then shutting down.
2026-09-23 15:51:43  WARNING   Signal SIGINT received — finishing current scraper then shutting down.
2026-09-23 15:51:43  WARNING   Signal SIGINT received — finishing current scraper then shutting down.
2026-09-23 15:51:43  WARNING   Signal SIGINT received — finishing current scraper then shutting down.
2026-09-23 15:51:43  WARNING   Signal SIGINT received — finishing current scraper then shutting down.
2026-09-23 15:53:01  INFO      Job Scraper Deployment Runner started (PID 25309, mode=every 0.0h)
2026-09-23 15:53:01  INFO      Log file: /Users/tejaszodape/Desktop/Hitandi tech/Job_scarpper_V2/scraper.log
2026-09-23 15:53:01  INFO      Lock file: /Users/tejaszodape/Desktop/Hitandi tech/Job_scarpper_V2/.scraper.lock
2026-09-23 15:53:03  INFO      Loaded scrapers: ['check_db', 'all_scrape']
2026-09-23 15:53:03  INFO      =================================================================
2026-09-23 15:53:03  INFO        PIPELINE START — Cycle #1  [2026-09-23T15:53:03.460183]
2026-09-23 15:53:03  INFO      =================================================================
2026-09-23 15:53:03  INFO      [Cycle 1] ── all_scrape.py (US + UK) starting ──
2026-09-23 16:20:03  INFO      Job Scraper Deployment Runner started (PID 29713, mode=every 0.0h)
2026-09-23 16:20:03  INFO      Log file: /Users/tejaszodape/Desktop/Hitandi tech/Job_scarpper_V2/scraper.log
2026-09-23 16:20:03  INFO      Lock file: /Users/tejaszodape/Desktop/Hitandi tech/Job_scarpper_V2/.scraper.lock
2026-09-23 16:20:04  INFO      Loaded scrapers: ['check_db', 'all_scrape']
2026-09-23 16:20:04  INFO      =================================================================
2026-09-23 16:20:04  INFO        PIPELINE START — Cycle #1  [2026-09-23T16:20:04.948519]
2026-09-23 16:20:04  INFO      =================================================================
2026-09-23 16:20:05  INFO      [Cycle 1] ── all_scrape.py (US + UK) starting ──
2026-09-23 16:24:41  INFO      Job Scraper Deployment Runner started (PID 30724, mode=every 0.0h)
2026-09-23 16:24:41  INFO      Log file: /Users/tejaszodape/Desktop/Hitandi tech/Job_scarpper_V2/scraper.log
2026-09-23 16:24:41  INFO      Lock file: /Users/tejaszodape/Desktop/Hitandi tech/Job_scarpper_V2/.scraper.lock
2026-09-23 16:24:43  INFO      Loaded scrapers: ['check_db', 'all_scrape']
2026-09-23 16:24:43  INFO      =================================================================
2026-09-23 16:24:43  INFO        PIPELINE START — Cycle #1  [2026-09-23T16:24:43.647310]
2026-09-23 16:24:43  INFO      =================================================================
2026-09-23 16:24:43  INFO      [Cycle 1] ── all_scrape.py (US + UK) starting ──
2026-09-23 16:46:31  WARNING   Signal SIGINT received — finishing current scraper then shutting down.
2026-09-23 16:46:31  WARNING   Signal SIGINT received — finishing current scraper then shutting down.
2026-09-23 16:46:31  WARNING   Signal SIGINT received — finishing current scraper then shutting down.
2026-09-23 16:46:31  WARNING   Signal SIGINT received — finishing current scraper then shutting down.
2026-09-23 16:46:31  WARNING   Signal SIGINT received — finishing current scraper then shutting down.
2026-09-23 16:46:32  WARNING   Signal SIGINT received — finishing current scraper then shutting down.
2026-09-23 16:46:32  WARNING   Signal SIGINT received — finishing current scraper then shutting down.
2026-09-23 16:53:29  INFO      Job Scraper Deployment Runner started (PID 34946, mode=every 0.0h)
2026-09-23 16:53:29  INFO      Log file: /Users/tejaszodape/Desktop/Hitandi tech/Job_scarpper_V2/scraper.log
2026-09-23 16:53:29  INFO      Lock file: /Users/tejaszodape/Desktop/Hitandi tech/Job_scarpper_V2/.scraper.lock
2026-09-23 16:53:30  INFO      Loaded scrapers: ['check_db', 'all_scrape']
2026-09-23 16:53:30  INFO      =================================================================
2026-09-23 16:53:30  INFO        PIPELINE START — Cycle #1  [2026-09-23T16:53:30.541514]
2026-09-23 16:53:30  INFO      =================================================================
2026-09-23 16:53:30  INFO      [Cycle 1] ── all_scrape.py (US + UK) starting ──
